id,date,day ,date2,datetime,hour,cash_type,card,money,coffee_name
1,01-03-2024,Friday,Mar,15:50.5,10:15:51,card,ANON-0000-0000-0001,38.7,Latte
2,01-03-2024,Friday,Mar,19:22.5,12:19:23,card,ANON-0000-0000-0002,38.7,Hot Chocolate
3,01-03-2024,Friday,Mar,20:18.1,12:20:18,card,ANON-0000-0000-0002,38.7,Hot Chocolate
4,01-03-2024,Friday,Mar,46:33.0,13:46:33,card,ANON-0000-0000-0003,28.9,Americano
5,01-03-2024,Friday,Mar,48:14.6,13:48:15,card,ANON-0000-0000-0004,38.7,Latte
6,01-03-2024,Friday,Mar,39:47.7,15:39:48,card,ANON-0000-0000-0005,33.8,Americano with Milk
7,01-03-2024,Friday,Mar,19:02.8,16:19:03,card,ANON-0000-0000-0006,38.7,Hot Chocolate
8,01-03-2024,Friday,Mar,39:03.6,18:39:04,card,ANON-0000-0000-0007,33.8,Americano with Milk
9,01-03-2024,Friday,Mar,22:01.8,19:22:02,card,ANON-0000-0000-0008,38.7,Cocoa
10,01-03-2024,Friday,Mar,23:15.9,19:23:16,card,ANON-0000-0000-0008,33.8,Americano with Milk
11,01-03-2024,Friday,Mar,29:17.4,19:29:17,card,ANON-0000-0000-0009,33.8,Americano with Milk
12,02-03-2024,Saturday,Mar,22:07.0,10:22:07,card,ANON-0000-0000-0010,28.9,Americano
13,02-03-2024,Saturday,Mar,30:35.7,10:30:36,cash,,40,Latte
14,02-03-2024,Saturday,Mar,41:41.2,10:41:41,card,ANON-0000-0000-0011,33.8,Americano with Milk
15,02-03-2024,Saturday,Mar,59:45.5,11:59:45,card,ANON-0000-0000-0012,33.8,Americano with Milk
16,02-03-2024,Saturday,Mar,38:35.5,14:38:36,card,ANON-0000-0000-0013,28.9,Americano
17,02-03-2024,Saturday,Mar,37:24.5,16:37:24,card,ANON-0000-0000-0014,33.8,Americano with Milk
18,02-03-2024,Saturday,Mar,34:55.0,17:34:55,card,ANON-0000-0000-0004,28.9,Americano
19,03-03-2024,Sunday,Mar,10:44.0,10:10:44,cash,,40,Latte
20,03-03-2024,Sunday,Mar,27:18.6,10:27:19,card,ANON-0000-0000-0015,38.7,Latte
21,03-03-2024,Sunday,Mar,33:56.1,11:33:56,card,ANON-0000-0000-0016,28.9,Cortado
22,03-03-2024,Sunday,Mar,26:56.1,12:26:56,card,ANON-0000-0000-0012,28.9,Americano
23,03-03-2024,Sunday,Mar,09:36.3,13:09:36,card,ANON-0000-0000-0017,38.7,Hot Chocolate
24,03-03-2024,Sunday,Mar,06:40.3,17:06:40,card,ANON-0000-0000-0018,38.7,Cocoa
25,03-03-2024,Sunday,Mar,08:45.9,17:08:46,card,ANON-0000-0000-0019,28.9,Cortado
26,03-03-2024,Sunday,Mar,03:23.4,18:03:23,card,ANON-0000-0000-0020,33.8,Americano with Milk
27,03-03-2024,Sunday,Mar,04:27.9,18:04:28,card,ANON-0000-0000-0020,33.8,Americano with Milk
28,03-03-2024,Sunday,Mar,08:05.0,18:08:05,card,ANON-0000-0000-0020,38.7,Hot Chocolate
29,04-03-2024,Monday,Mar,03:52.0,10:03:52,card,ANON-0000-0000-0001,38.7,Latte
30,04-03-2024,Monday,Mar,54:51.0,10:54:51,card,ANON-0000-0000-0021,38.7,Latte
31,04-03-2024,Monday,Mar,05:16.2,11:05:16,card,ANON-0000-0000-0012,33.8,Americano with Milk
32,04-03-2024,Monday,Mar,04:37.7,14:04:38,card,ANON-0000-0000-0022,24,Espresso
33,05-03-2024,Tuesday,Mar,59:52.7,09:59:53,card,ANON-0000-0000-0001,38.7,Latte
34,05-03-2024,Tuesday,Mar,34:56.0,14:34:56,card,ANON-0000-0000-0023,38.7,Latte
35,05-03-2024,Tuesday,Mar,34:06.0,17:34:06,card,ANON-0000-0000-0024,38.7,Latte
36,05-03-2024,Tuesday,Mar,35:25.0,17:35:25,card,ANON-0000-0000-0025,38.7,Hot Chocolate
37,05-03-2024,Tuesday,Mar,36:28.6,17:36:29,card,ANON-0000-0000-0026,38.7,Cocoa
38,05-03-2024,Tuesday,Mar,37:13.7,17:37:14,card,ANON-0000-0000-0027,38.7,Hot Chocolate
39,05-03-2024,Tuesday,Mar,38:09.4,17:38:09,card,ANON-0000-0000-0009,38.7,Hot Chocolate
40,05-03-2024,Tuesday,Mar,56:15.8,17:56:16,card,ANON-0000-0000-0028,28.9,Cortado
41,05-03-2024,Tuesday,Mar,01:31.2,18:01:31,card,ANON-0000-0000-0028,38.7,Hot Chocolate
42,06-03-2024,Wednesday,Mar,30:27.1,12:30:27,cash,,35,Americano with Milk
43,06-03-2024,Wednesday,Mar,24:07.7,13:24:08,card,ANON-0000-0000-0012,28.9,Americano
44,06-03-2024,Wednesday,Mar,25:14.4,13:25:14,card,ANON-0000-0000-0012,28.9,Cortado
45,06-03-2024,Wednesday,Mar,52:01.8,14:52:02,card,ANON-0000-0000-0029,38.7,Cappuccino
46,06-03-2024,Wednesday,Mar,53:18.3,14:53:18,card,ANON-0000-0000-0029,38.7,Cappuccino
47,07-03-2024,Thursday,Mar,08:58.9,10:08:59,cash,,40,Latte
48,07-03-2024,Thursday,Mar,18:40.5,10:18:41,card,ANON-0000-0000-0030,38.7,Hot Chocolate
49,07-03-2024,Thursday,Mar,03:59.0,11:03:59,card,ANON-0000-0000-0031,38.7,Latte
50,07-03-2024,Thursday,Mar,25:44.0,11:25:44,cash,,40,Latte
51,07-03-2024,Thursday,Mar,40:22.6,15:40:23,card,ANON-0000-0000-0032,28.9,Americano
52,07-03-2024,Thursday,Mar,41:28.8,15:41:29,card,ANON-0000-0000-0033,33.8,Americano with Milk
53,08-03-2024,Friday,Mar,34:41.3,10:34:41,card,ANON-0000-0000-0012,28.9,Cortado
54,08-03-2024,Friday,Mar,22:28.7,12:22:29,card,ANON-0000-0000-0034,38.7,Cappuccino
55,08-03-2024,Friday,Mar,53:02.0,13:53:02,card,ANON-0000-0000-0035,28.9,Americano
56,08-03-2024,Friday,Mar,44:12.7,14:44:13,card,ANON-0000-0000-0012,28.9,Americano
57,08-03-2024,Friday,Mar,45:11.0,14:45:11,card,ANON-0000-0000-0033,28.9,Americano
58,08-03-2024,Friday,Mar,46:11.2,14:46:11,card,ANON-0000-0000-0012,33.8,Americano with Milk
59,08-03-2024,Friday,Mar,57:51.5,18:57:51,card,ANON-0000-0000-0036,38.7,Latte
60,08-03-2024,Friday,Mar,59:24.9,18:59:25,card,ANON-0000-0000-0037,38.7,Latte
61,09-03-2024,Saturday,Mar,49:37.3,11:49:37,cash,,40,Hot Chocolate
62,09-03-2024,Saturday,Mar,05:15.6,12:05:16,card,ANON-0000-0000-0038,24,Espresso
63,09-03-2024,Saturday,Mar,07:38.3,12:07:38,card,ANON-0000-0000-0039,28.9,Americano
64,09-03-2024,Saturday,Mar,09:47.7,12:09:48,card,ANON-0000-0000-0012,38.7,Cappuccino
65,09-03-2024,Saturday,Mar,13:03.5,12:13:04,card,ANON-0000-0000-0040,28.9,Americano
66,09-03-2024,Saturday,Mar,14:26.5,12:14:26,card,ANON-0000-0000-0040,28.9,Americano
67,09-03-2024,Saturday,Mar,09:22.2,13:09:22,card,ANON-0000-0000-0041,38.7,Latte
68,09-03-2024,Saturday,Mar,41:06.2,13:41:06,card,ANON-0000-0000-0042,33.8,Americano with Milk
69,09-03-2024,Saturday,Mar,53:10.4,13:53:10,card,ANON-0000-0000-0043,28.9,Cortado
70,09-03-2024,Saturday,Mar,54:36.8,13:54:37,card,ANON-0000-0000-0043,38.7,Cappuccino
71,09-03-2024,Saturday,Mar,08:01.8,14:08:02,card,ANON-0000-0000-0009,33.8,Americano with Milk
72,09-03-2024,Saturday,Mar,26:52.9,14:26:53,card,ANON-0000-0000-0044,38.7,Hot Chocolate
73,09-03-2024,Saturday,Mar,17:57.6,19:17:58,card,ANON-0000-0000-0009,38.7,Cappuccino
74,09-03-2024,Saturday,Mar,19:10.1,19:19:10,card,ANON-0000-0000-0009,38.7,Hot Chocolate
75,10-03-2024,Sunday,Mar,44:18.5,07:44:19,cash,,30,Americano
76,10-03-2024,Sunday,Mar,45:29.4,07:45:29,cash,,35,Americano with Milk
77,10-03-2024,Sunday,Mar,06:03.0,10:06:03,cash,,40,Latte
78,10-03-2024,Sunday,Mar,19:20.8,11:19:21,card,ANON-0000-0000-0045,24,Espresso
79,10-03-2024,Sunday,Mar,51:03.0,17:51:03,cash,,35,Americano with Milk
80,10-03-2024,Sunday,Mar,34:00.5,19:34:00,card,ANON-0000-0000-0046,38.7,Latte
81,10-03-2024,Sunday,Mar,35:54.7,19:35:55,card,ANON-0000-0000-0046,28.9,Cortado
82,11-03-2024,Monday,Mar,18:46.7,10:18:47,cash,,40,Latte
83,11-03-2024,Monday,Mar,24:15.0,11:24:15,cash,,40,Cappuccino
84,11-03-2024,Monday,Mar,24:51.6,11:24:52,cash,,30,Cortado
85,11-03-2024,Monday,Mar,26:44.2,11:26:44,cash,,30,Americano
86,11-03-2024,Monday,Mar,32:58.8,11:32:59,card,ANON-0000-0000-0035,38.7,Cappuccino
87,11-03-2024,Monday,Mar,24:26.4,16:24:26,card,ANON-0000-0000-0047,28.9,Americano
88,11-03-2024,Monday,Mar,25:45.7,16:25:46,card,ANON-0000-0000-0047,38.7,Latte
89,11-03-2024,Monday,Mar,50:49.6,16:50:50,card,ANON-0000-0000-0048,28.9,Cortado
90,12-03-2024,Tuesday,Mar,15:00.3,10:15:00,cash,,40,Latte
91,12-03-2024,Tuesday,Mar,15:34.5,10:15:35,card,ANON-0000-0000-0033,28.9,Americano
92,12-03-2024,Tuesday,Mar,16:24.9,10:16:25,card,ANON-0000-0000-0033,28.9,Cortado
93,12-03-2024,Tuesday,Mar,20:45.6,11:20:46,card,ANON-0000-0000-0049,38.7,Hot Chocolate
94,12-03-2024,Tuesday,Mar,46:23.3,12:46:23,card,ANON-0000-0000-0004,33.8,Americano with Milk
95,12-03-2024,Tuesday,Mar,47:26.0,12:47:26,card,ANON-0000-0000-0004,28.9,Americano
96,12-03-2024,Tuesday,Mar,15:43.3,16:15:43,card,ANON-0000-0000-0050,28.9,Americano
97,13-03-2024,Wednesday,Mar,06:43.0,11:06:43,card,ANON-0000-0000-0048,38.7,Hot Chocolate
98,13-03-2024,Wednesday,Mar,48:16.8,11:48:17,card,ANON-0000-0000-0004,28.9,Americano
99,13-03-2024,Wednesday,Mar,18:06.3,12:18:06,card,ANON-0000-0000-0051,28.9,Americano
100,13-03-2024,Wednesday,Mar,19:05.1,12:19:05,card,ANON-0000-0000-0051,28.9,Americano
101,13-03-2024,Wednesday,Mar,34:30.3,12:34:30,cash,,25,Espresso
102,13-03-2024,Wednesday,Mar,26:40.9,14:26:41,card,ANON-0000-0000-0052,33.8,Americano with Milk
103,13-03-2024,Wednesday,Mar,40:22.3,15:40:22,card,ANON-0000-0000-0053,24,Espresso
104,13-03-2024,Wednesday,Mar,41:20.4,15:41:20,card,ANON-0000-0000-0053,24,Espresso
105,13-03-2024,Wednesday,Mar,47:09.4,16:47:09,card,ANON-0000-0000-0054,24,Espresso
106,14-03-2024,Thursday,Mar,02:12.2,10:02:12,cash,,40,Latte
107,14-03-2024,Thursday,Mar,28:33.0,10:28:33,card,ANON-0000-0000-0055,38.7,Latte
108,14-03-2024,Thursday,Mar,29:34.3,10:29:34,card,ANON-0000-0000-0055,38.7,Hot Chocolate
109,14-03-2024,Thursday,Mar,27:29.5,13:27:30,card,ANON-0000-0000-0012,28.9,Cortado
110,14-03-2024,Thursday,Mar,28:24.5,13:28:25,card,ANON-0000-0000-0012,28.9,Americano
111,14-03-2024,Thursday,Mar,51:59.9,13:52:00,card,ANON-0000-0000-0056,33.8,Americano with Milk
112,14-03-2024,Thursday,Mar,52:56.2,13:52:56,card,ANON-0000-0000-0057,24,Espresso
113,14-03-2024,Thursday,Mar,20:38.4,15:20:38,card,ANON-0000-0000-0058,38.7,Latte
114,14-03-2024,Thursday,Mar,04:09.5,16:04:10,card,ANON-0000-0000-0059,33.8,Americano with Milk
115,14-03-2024,Thursday,Mar,54:38.2,16:54:38,card,ANON-0000-0000-0050,24,Espresso
116,14-03-2024,Thursday,Mar,58:55.9,18:58:56,card,ANON-0000-0000-0019,38.7,Hot Chocolate
117,14-03-2024,Thursday,Mar,00:08.7,19:00:09,card,ANON-0000-0000-0012,28.9,Cortado
118,15-03-2024,Friday,Mar,02:16.5,10:02:17,cash,,40,Latte
119,15-03-2024,Friday,Mar,53:02.2,10:53:02,card,ANON-0000-0000-0060,38.7,Hot Chocolate
120,15-03-2024,Friday,Mar,19:27.9,18:19:28,card,ANON-0000-0000-0012,28.9,Americano
121,16-03-2024,Saturday,Mar,06:55.2,12:06:55,card,ANON-0000-0000-0061,33.8,Americano with Milk
122,16-03-2024,Saturday,Mar,07:53.9,12:07:54,card,ANON-0000-0000-0061,28.9,Americano
123,16-03-2024,Saturday,Mar,58:18.5,15:58:18,card,ANON-0000-0000-0009,28.9,Cortado
124,16-03-2024,Saturday,Mar,03:21.7,16:03:22,card,ANON-0000-0000-0009,28.9,Cortado
125,16-03-2024,Saturday,Mar,04:11.4,16:04:11,card,ANON-0000-0000-0012,28.9,Cortado
126,16-03-2024,Saturday,Mar,58:07.2,17:58:07,card,ANON-0000-0000-0062,33.8,Americano with Milk
127,17-03-2024,Sunday,Mar,10:21.4,10:10:21,cash,,40,Latte
128,17-03-2024,Sunday,Mar,55:26.1,12:55:26,card,ANON-0000-0000-0063,28.9,Cortado
129,18-03-2024,Monday,Mar,17:59.7,11:18:00,card,ANON-0000-0000-0064,28.9,Cortado
130,18-03-2024,Monday,Mar,31:39.7,15:31:40,card,ANON-0000-0000-0003,28.9,Americano
131,18-03-2024,Monday,Mar,32:38.2,15:32:38,card,ANON-0000-0000-0003,28.9,Americano
132,18-03-2024,Monday,Mar,33:36.7,15:33:37,card,ANON-0000-0000-0003,28.9,Americano
133,19-03-2024,Tuesday,Mar,20:26.0,10:20:26,cash,,30,Cortado
134,19-03-2024,Tuesday,Mar,02:21.5,14:02:22,card,ANON-0000-0000-0065,38.7,Latte
135,19-03-2024,Tuesday,Mar,03:19.8,14:03:20,card,ANON-0000-0000-0065,38.7,Latte
136,19-03-2024,Tuesday,Mar,04:36.3,15:04:36,card,ANON-0000-0000-0049,38.7,Hot Chocolate
137,19-03-2024,Tuesday,Mar,53:48.7,16:53:49,card,ANON-0000-0000-0066,33.8,Americano with Milk
138,19-03-2024,Tuesday,Mar,26:32.7,19:26:33,cash,,40,Hot Chocolate
139,20-03-2024,Wednesday,Mar,41:16.4,11:41:16,card,ANON-0000-0000-0012,28.9,Cortado
140,20-03-2024,Wednesday,Mar,21:07.7,12:21:08,cash,,40,Latte
141,20-03-2024,Wednesday,Mar,30:49.0,12:30:49,card,ANON-0000-0000-0049,28.9,Cortado
142,20-03-2024,Wednesday,Mar,16:47.4,13:16:47,card,ANON-0000-0000-0067,38.7,Cappuccino
143,20-03-2024,Wednesday,Mar,42:38.1,16:42:38,card,ANON-0000-0000-0050,38.7,Cocoa
144,20-03-2024,Wednesday,Mar,50:28.8,17:50:29,card,ANON-0000-0000-0068,38.7,Latte
145,21-03-2024,Thursday,Mar,18:57.0,10:18:57,cash,,40,Cappuccino
146,21-03-2024,Thursday,Mar,25:09.2,12:25:09,card,ANON-0000-0000-0012,28.9,Cortado
147,21-03-2024,Thursday,Mar,26:17.4,12:26:17,card,ANON-0000-0000-0012,38.7,Cappuccino
148,21-03-2024,Thursday,Mar,21:01.5,17:21:01,cash,,30,Americano
149,21-03-2024,Thursday,Mar,22:01.4,17:22:01,card,ANON-0000-0000-0012,28.9,Cortado
150,21-03-2024,Thursday,Mar,20:36.5,19:20:37,card,ANON-0000-0000-0069,38.7,Latte
151,22-03-2024,Friday,Mar,35:53.6,10:35:54,card,ANON-0000-0000-0070,33.8,Americano with Milk
152,22-03-2024,Friday,Mar,29:20.3,13:29:20,card,ANON-0000-0000-0071,33.8,Americano with Milk
153,22-03-2024,Friday,Mar,15:14.4,16:15:14,cash,,40,Cappuccino
154,22-03-2024,Friday,Mar,17:03.7,17:17:04,card,ANON-0000-0000-0012,28.9,Americano
155,22-03-2024,Friday,Mar,17:59.0,17:17:59,card,ANON-0000-0000-0012,24,Espresso
156,22-03-2024,Friday,Mar,20:49.5,17:20:49,card,ANON-0000-0000-0050,28.9,Americano
157,23-03-2024,Saturday,Mar,43:59.6,10:44:00,card,ANON-0000-0000-0072,38.7,Latte
158,23-03-2024,Saturday,Mar,45:07.2,10:45:07,card,ANON-0000-0000-0073,33.8,Americano with Milk
159,23-03-2024,Saturday,Mar,10:07.7,13:10:08,card,ANON-0000-0000-0074,38.7,Cappuccino
160,23-03-2024,Saturday,Mar,11:12.2,13:11:12,card,ANON-0000-0000-0074,38.7,Cocoa
161,23-03-2024,Saturday,Mar,44:41.3,14:44:41,card,ANON-0000-0000-0075,33.8,Americano with Milk
162,23-03-2024,Saturday,Mar,47:19.1,15:47:19,card,ANON-0000-0000-0076,38.7,Latte
163,23-03-2024,Saturday,Mar,49:33.8,15:49:34,card,ANON-0000-0000-0076,33.8,Americano with Milk
164,23-03-2024,Saturday,Mar,00:58.4,16:00:58,card,ANON-0000-0000-0009,28.9,Cortado
165,24-03-2024,Sunday,Mar,03:56.0,10:03:56,cash,,40,Latte
166,24-03-2024,Sunday,Mar,45:08.4,18:45:08,card,ANON-0000-0000-0077,38.7,Latte
167,25-03-2024,Monday,Mar,31:47.2,10:31:47,card,ANON-0000-0000-0009,38.7,Latte
168,25-03-2024,Monday,Mar,16:25.7,11:16:26,cash,,35,Americano with Milk
169,25-03-2024,Monday,Mar,27:09.2,14:27:09,card,ANON-0000-0000-0078,38.7,Latte
170,25-03-2024,Monday,Mar,29:25.3,14:29:25,card,ANON-0000-0000-0017,38.7,Latte
171,25-03-2024,Monday,Mar,37:30.6,18:37:31,card,ANON-0000-0000-0024,33.8,Americano with Milk
172,25-03-2024,Monday,Mar,34:24.5,19:34:25,card,ANON-0000-0000-0079,38.7,Cappuccino
173,26-03-2024,Tuesday,Mar,35:49.7,10:35:50,card,ANON-0000-0000-0055,38.7,Cocoa
174,26-03-2024,Tuesday,Mar,36:36.2,10:36:36,card,ANON-0000-0000-0055,38.7,Latte
175,26-03-2024,Tuesday,Mar,42:30.2,10:42:30,card,ANON-0000-0000-0080,38.7,Latte
176,26-03-2024,Tuesday,Mar,11:47.3,11:11:47,card,ANON-0000-0000-0009,28.9,Cortado
177,26-03-2024,Tuesday,Mar,35:52.8,13:35:53,card,ANON-0000-0000-0003,28.9,Americano
178,26-03-2024,Tuesday,Mar,36:49.6,13:36:50,card,ANON-0000-0000-0032,28.9,Cortado
179,26-03-2024,Tuesday,Mar,37:59.7,13:38:00,card,ANON-0000-0000-0059,28.9,Cortado
180,26-03-2024,Tuesday,Mar,57:53.7,13:57:54,card,ANON-0000-0000-0050,28.9,Americano
181,26-03-2024,Tuesday,Mar,48:02.3,15:48:02,card,ANON-0000-0000-0081,38.7,Latte
182,26-03-2024,Tuesday,Mar,33:38.6,18:33:39,card,ANON-0000-0000-0024,38.7,Latte
183,26-03-2024,Tuesday,Mar,34:54.6,18:34:55,card,ANON-0000-0000-0009,38.7,Hot Chocolate
184,27-03-2024,Wednesday,Mar,04:51.2,11:04:51,card,ANON-0000-0000-0003,28.9,Cortado
185,27-03-2024,Wednesday,Mar,05:58.2,11:05:58,card,ANON-0000-0000-0003,33.8,Americano with Milk
186,27-03-2024,Wednesday,Mar,57:00.5,12:57:00,card,ANON-0000-0000-0082,33.8,Americano with Milk
187,27-03-2024,Wednesday,Mar,35:20.0,13:35:20,card,ANON-0000-0000-0083,38.7,Hot Chocolate
188,27-03-2024,Wednesday,Mar,22:31.7,14:22:32,card,ANON-0000-0000-0012,38.7,Cappuccino
189,27-03-2024,Wednesday,Mar,23:35.4,14:23:35,card,ANON-0000-0000-0012,28.9,Americano
190,27-03-2024,Wednesday,Mar,30:11.8,18:30:12,card,ANON-0000-0000-0084,28.9,Cortado
191,27-03-2024,Wednesday,Mar,31:12.4,19:31:12,cash,,40,Latte
192,28-03-2024,Thursday,Mar,24:47.1,14:24:47,card,ANON-0000-0000-0085,28.9,Cortado
193,28-03-2024,Thursday,Mar,24:46.2,17:24:46,card,ANON-0000-0000-0012,28.9,Cortado
194,28-03-2024,Thursday,Mar,27:05.3,17:27:05,card,ANON-0000-0000-0012,28.9,Americano
195,28-03-2024,Thursday,Mar,32:44.7,17:32:45,card,ANON-0000-0000-0086,38.7,Latte
196,29-03-2024,Friday,Mar,56:19.5,10:56:19,card,ANON-0000-0000-0087,38.7,Latte
197,29-03-2024,Friday,Mar,34:17.4,12:34:17,card,ANON-0000-0000-0088,38.7,Cappuccino
198,29-03-2024,Friday,Mar,41:32.1,12:41:32,card,ANON-0000-0000-0088,38.7,Cappuccino
199,29-03-2024,Friday,Mar,22:44.6,13:22:45,cash,,40,Cappuccino
200,30-03-2024,Saturday,Mar,59:19.9,11:59:20,card,ANON-0000-0000-0069,38.7,Latte
201,30-03-2024,Saturday,Mar,49:25.8,13:49:26,cash,,40,Cappuccino
202,30-03-2024,Saturday,Mar,12:31.8,16:12:32,card,ANON-0000-0000-0017,38.7,Latte
203,30-03-2024,Saturday,Mar,36:40.5,16:36:41,card,ANON-0000-0000-0009,38.7,Latte
204,30-03-2024,Saturday,Mar,37:57.6,16:37:58,card,ANON-0000-0000-0009,33.8,Americano with Milk
205,31-03-2024,Sunday,Mar,40:04.5,10:40:05,card,ANON-0000-0000-0089,38.7,Cappuccino
206,31-03-2024,Sunday,Mar,36:45.0,19:36:45,cash,,30,Americano
207,01-04-2024,Monday,Apr,28:47.6,10:28:48,card,ANON-0000-0000-0004,28.9,Americano
208,01-04-2024,Monday,Apr,29:42.3,10:29:42,card,ANON-0000-0000-0004,33.8,Americano with Milk
209,01-04-2024,Monday,Apr,30:43.7,10:30:44,card,ANON-0000-0000-0004,33.8,Americano with Milk
210,01-04-2024,Monday,Apr,15:43.8,11:15:44,card,ANON-0000-0000-0009,33.8,Americano with Milk
211,01-04-2024,Monday,Apr,01:42.9,17:01:43,cash,,40,Cappuccino
212,01-04-2024,Monday,Apr,18:42.4,18:18:42,card,ANON-0000-0000-0024,33.8,Americano with Milk
213,01-04-2024,Monday,Apr,45:27.4,18:45:27,card,ANON-0000-0000-0090,38.7,Hot Chocolate
214,02-04-2024,Tuesday,Apr,01:14.0,10:01:14,card,ANON-0000-0000-0001,38.7,Latte
215,02-04-2024,Tuesday,Apr,18:34.2,16:18:34,card,ANON-0000-0000-0003,28.9,Americano
216,02-04-2024,Tuesday,Apr,19:28.5,16:19:28,card,ANON-0000-0000-0003,28.9,Cortado
217,02-04-2024,Tuesday,Apr,59:31.9,19:59:32,cash,,40,Cappuccino
218,03-04-2024,Wednesday,Apr,19:13.6,10:19:14,card,ANON-0000-0000-0003,28.9,Cortado
219,03-04-2024,Wednesday,Apr,20:07.7,10:20:08,card,ANON-0000-0000-0003,28.9,Americano
220,03-04-2024,Wednesday,Apr,12:05.4,13:12:05,card,ANON-0000-0000-0012,38.7,Cappuccino
221,03-04-2024,Wednesday,Apr,36:11.7,15:36:12,cash,,30,Cortado
222,04-04-2024,Thursday,Apr,44:56.0,10:44:56,card,ANON-0000-0000-0091,38.7,Latte
223,04-04-2024,Thursday,Apr,26:38.1,11:26:38,card,ANON-0000-0000-0092,38.7,Latte
224,04-04-2024,Thursday,Apr,27:48.4,11:27:48,card,ANON-0000-0000-0093,38.7,Cappuccino
225,04-04-2024,Thursday,Apr,23:02.2,12:23:02,card,ANON-0000-0000-0094,28.9,Cortado
226,04-04-2024,Thursday,Apr,42:07.7,19:42:08,cash,,40,Latte
227,05-04-2024,Friday,Apr,40:42.7,10:40:43,card,ANON-0000-0000-0095,28.9,Americano
228,05-04-2024,Friday,Apr,42:06.2,10:42:06,card,ANON-0000-0000-0012,28.9,Americano
229,05-04-2024,Friday,Apr,06:14.6,11:06:15,card,ANON-0000-0000-0096,28.9,Cortado
230,05-04-2024,Friday,Apr,14:28.0,12:14:28,card,ANON-0000-0000-0097,33.8,Americano with Milk
231,05-04-2024,Friday,Apr,23:40.4,14:23:40,card,ANON-0000-0000-0098,38.7,Latte
232,05-04-2024,Friday,Apr,24:50.4,14:24:50,card,ANON-0000-0000-0098,28.9,Cortado
233,05-04-2024,Friday,Apr,30:50.4,15:30:50,cash,,40,Latte
234,05-04-2024,Friday,Apr,54:15.8,15:54:16,cash,,40,Cappuccino
235,05-04-2024,Friday,Apr,55:30.9,15:55:31,cash,,30,Americano
236,05-04-2024,Friday,Apr,17:44.0,16:17:44,cash,,40,Cocoa
237,05-04-2024,Friday,Apr,18:23.6,16:18:24,card,ANON-0000-0000-0003,24,Espresso
238,06-04-2024,Saturday,Apr,32:31.4,12:32:31,card,ANON-0000-0000-0099,33.8,Americano with Milk
239,06-04-2024,Saturday,Apr,13:18.7,14:13:19,card,ANON-0000-0000-0040,38.7,Cappuccino
240,06-04-2024,Saturday,Apr,14:27.0,14:14:27,card,ANON-0000-0000-0040,28.9,Americano
241,06-04-2024,Saturday,Apr,49:50.2,14:49:50,card,ANON-0000-0000-0009,38.7,Latte
242,07-04-2024,Sunday,Apr,12:53.2,10:12:53,card,ANON-0000-0000-0091,38.7,Latte
243,07-04-2024,Sunday,Apr,44:31.9,12:44:32,card,ANON-0000-0000-0040,38.7,Cappuccino
244,07-04-2024,Sunday,Apr,46:05.1,12:46:05,card,ANON-0000-0000-0040,38.7,Cappuccino
245,07-04-2024,Sunday,Apr,16:24.9,14:16:25,card,ANON-0000-0000-0100,28.9,Cortado
246,07-04-2024,Sunday,Apr,17:30.6,14:17:31,card,ANON-0000-0000-0100,24,Espresso
247,07-04-2024,Sunday,Apr,01:16.6,18:01:17,card,ANON-0000-0000-0101,38.7,Hot Chocolate
248,07-04-2024,Sunday,Apr,02:03.9,18:02:04,card,ANON-0000-0000-0101,33.8,Americano with Milk
249,08-04-2024,Monday,Apr,58:21.1,10:58:21,card,ANON-0000-0000-0102,33.8,Americano with Milk
250,08-04-2024,Monday,Apr,59:27.6,10:59:28,card,ANON-0000-0000-0103,38.7,Cappuccino
251,08-04-2024,Monday,Apr,01:20.5,11:01:20,card,ANON-0000-0000-0012,28.9,Americano
252,08-04-2024,Monday,Apr,04:47.0,11:04:47,card,ANON-0000-0000-0104,38.7,Cappuccino
253,08-04-2024,Monday,Apr,54:25.9,12:54:26,cash,,25,Espresso
254,08-04-2024,Monday,Apr,43:36.9,15:43:37,cash,,35,Americano with Milk
255,08-04-2024,Monday,Apr,41:37.8,16:41:38,card,ANON-0000-0000-0017,38.7,Latte
256,08-04-2024,Monday,Apr,18:09.7,18:18:10,card,ANON-0000-0000-0105,28.9,Americano
257,08-04-2024,Monday,Apr,22:27.5,19:22:27,card,ANON-0000-0000-0024,33.8,Americano with Milk
258,08-04-2024,Monday,Apr,23:59.3,19:23:59,card,ANON-0000-0000-0106,38.7,Cappuccino
259,09-04-2024,Tuesday,Apr,22:27.4,10:22:27,cash,,40,Cappuccino
260,09-04-2024,Tuesday,Apr,24:10.1,10:24:10,cash,,30,Americano
261,09-04-2024,Tuesday,Apr,42:28.5,11:42:28,card,ANON-0000-0000-0091,38.7,Latte
262,09-04-2024,Tuesday,Apr,11:48.7,15:11:49,card,ANON-0000-0000-0107,38.7,Hot Chocolate
263,09-04-2024,Tuesday,Apr,25:23.9,17:25:24,card,ANON-0000-0000-0049,38.7,Hot Chocolate
264,10-04-2024,Wednesday,Apr,21:26.2,10:21:26,cash,,25,Espresso
265,10-04-2024,Wednesday,Apr,55:07.0,17:55:07,cash,,40,Hot Chocolate
266,10-04-2024,Wednesday,Apr,55:31.2,17:55:31,card,ANON-0000-0000-0108,24,Espresso
267,10-04-2024,Wednesday,Apr,24:59.3,18:24:59,card,ANON-0000-0000-0009,38.7,Cappuccino
268,10-04-2024,Wednesday,Apr,04:05.4,20:04:05,card,ANON-0000-0000-0109,38.7,Latte
269,11-04-2024,Thursday,Apr,41:23.2,10:41:23,card,ANON-0000-0000-0110,28.9,Americano
270,11-04-2024,Thursday,Apr,42:59.4,10:42:59,card,ANON-0000-0000-0110,28.9,Americano
271,11-04-2024,Thursday,Apr,35:23.1,16:35:23,card,ANON-0000-0000-0017,38.7,Latte
272,11-04-2024,Thursday,Apr,16:56.6,19:16:57,card,ANON-0000-0000-0106,38.7,Cappuccino
273,11-04-2024,Thursday,Apr,18:36.6,19:18:37,card,ANON-0000-0000-0024,33.8,Americano with Milk
274,12-04-2024,Friday,Apr,03:43.4,19:03:43,card,ANON-0000-0000-0019,38.7,Hot Chocolate
275,12-04-2024,Friday,Apr,38:23.2,19:38:23,card,ANON-0000-0000-0009,28.9,Cortado
276,13-04-2024,Saturday,Apr,29:19.8,12:29:20,card,ANON-0000-0000-0009,38.7,Latte
277,13-04-2024,Saturday,Apr,43:02.4,12:43:02,card,ANON-0000-0000-0012,28.9,Americano
278,13-04-2024,Saturday,Apr,06:52.3,15:06:52,cash,,40,Hot Chocolate
279,13-04-2024,Saturday,Apr,07:56.0,15:07:56,cash,,40,Hot Chocolate
280,13-04-2024,Saturday,Apr,18:03.9,16:18:04,card,ANON-0000-0000-0111,38.7,Cappuccino
281,13-04-2024,Saturday,Apr,19:39.8,16:19:40,card,ANON-0000-0000-0111,38.7,Latte
282,13-04-2024,Saturday,Apr,51:26.0,17:51:26,card,ANON-0000-0000-0112,38.7,Cappuccino
283,13-04-2024,Saturday,Apr,53:19.2,17:53:19,card,ANON-0000-0000-0012,38.7,Cappuccino
284,14-04-2024,Sunday,Apr,55:27.4,10:55:27,cash,,40,Latte
285,14-04-2024,Sunday,Apr,24:39.0,12:24:39,card,ANON-0000-0000-0113,38.7,Cappuccino
286,14-04-2024,Sunday,Apr,27:09.0,12:27:09,cash,,30,Cortado
287,14-04-2024,Sunday,Apr,29:06.9,12:29:07,cash,,30,Cortado
288,14-04-2024,Sunday,Apr,31:36.0,12:31:36,cash,,35,Americano with Milk
289,14-04-2024,Sunday,Apr,21:49.8,13:21:50,card,ANON-0000-0000-0114,28.9,Cortado
290,14-04-2024,Sunday,Apr,23:31.6,14:23:32,card,ANON-0000-0000-0012,28.9,Americano
291,14-04-2024,Sunday,Apr,24:26.9,14:24:27,card,ANON-0000-0000-0012,28.9,Americano
292,14-04-2024,Sunday,Apr,25:18.1,14:25:18,card,ANON-0000-0000-0012,28.9,Americano
293,14-04-2024,Sunday,Apr,46:27.7,15:46:28,card,ANON-0000-0000-0017,38.7,Cappuccino
294,14-04-2024,Sunday,Apr,59:54.8,16:59:55,card,ANON-0000-0000-0012,28.9,Cortado
295,14-04-2024,Sunday,Apr,00:45.4,17:00:45,card,ANON-0000-0000-0019,38.7,Latte
296,14-04-2024,Sunday,Apr,38:19.6,18:38:20,card,ANON-0000-0000-0115,38.7,Cappuccino
297,15-04-2024,Monday,Apr,45:24.6,11:45:25,card,ANON-0000-0000-0064,28.9,Americano
298,15-04-2024,Monday,Apr,01:46.4,17:01:46,card,ANON-0000-0000-0003,28.9,Americano
299,15-04-2024,Monday,Apr,02:49.7,17:02:50,card,ANON-0000-0000-0004,33.8,Americano with Milk
300,15-04-2024,Monday,Apr,33:03.0,19:33:03,card,ANON-0000-0000-0009,33.8,Americano with Milk
301,15-04-2024,Monday,Apr,41:58.1,19:41:58,cash,,25,Espresso
302,16-04-2024,Tuesday,Apr,43:49.9,10:43:50,cash,,35,Americano with Milk
303,16-04-2024,Tuesday,Apr,46:25.7,10:46:26,card,ANON-0000-0000-0116,33.8,Americano with Milk
304,16-04-2024,Tuesday,Apr,40:47.7,12:40:48,card,ANON-0000-0000-0117,38.7,Cocoa
305,16-04-2024,Tuesday,Apr,52:07.7,12:52:08,card,ANON-0000-0000-0064,28.9,Cortado
306,16-04-2024,Tuesday,Apr,03:16.9,15:03:17,card,ANON-0000-0000-0118,28.9,Americano
307,16-04-2024,Tuesday,Apr,42:04.2,17:42:04,card,ANON-0000-0000-0024,33.8,Americano with Milk
308,16-04-2024,Tuesday,Apr,43:23.0,17:43:23,card,ANON-0000-0000-0009,38.7,Cappuccino
309,16-04-2024,Tuesday,Apr,09:05.3,18:09:05,card,ANON-0000-0000-0050,38.7,Cocoa
310,17-04-2024,Wednesday,Apr,32:59.8,13:33:00,card,ANON-0000-0000-0012,28.9,Americano
311,17-04-2024,Wednesday,Apr,44:00.2,13:44:00,card,ANON-0000-0000-0119,24,Espresso
312,17-04-2024,Wednesday,Apr,13:24.3,16:13:24,cash,,40,Cappuccino
313,17-04-2024,Wednesday,Apr,01:35.1,17:01:35,card,ANON-0000-0000-0120,38.7,Cappuccino
314,17-04-2024,Wednesday,Apr,02:40.7,17:02:41,card,ANON-0000-0000-0120,38.7,Cappuccino
315,17-04-2024,Wednesday,Apr,14:03.2,18:14:03,card,ANON-0000-0000-0121,28.9,Cortado
316,18-04-2024,Thursday,Apr,19:01.7,11:19:02,card,ANON-0000-0000-0003,28.9,Americano
317,18-04-2024,Thursday,Apr,20:05.7,11:20:06,card,ANON-0000-0000-0003,28.9,Americano
318,18-04-2024,Thursday,Apr,49:12.7,13:49:13,card,ANON-0000-0000-0122,33.8,Americano with Milk
319,18-04-2024,Thursday,Apr,50:17.3,13:50:17,card,ANON-0000-0000-0122,28.9,Cortado
320,18-04-2024,Thursday,Apr,34:19.8,14:34:20,card,ANON-0000-0000-0123,38.7,Cappuccino
321,18-04-2024,Thursday,Apr,35:49.4,14:35:49,card,ANON-0000-0000-0123,38.7,Latte
322,18-04-2024,Thursday,Apr,44:15.8,17:44:16,card,ANON-0000-0000-0069,38.7,Latte
323,18-04-2024,Thursday,Apr,21:05.9,18:21:06,card,ANON-0000-0000-0085,38.7,Cappuccino
324,18-04-2024,Thursday,Apr,39:51.2,19:39:51,card,ANON-0000-0000-0024,38.7,Hot Chocolate
325,18-04-2024,Thursday,Apr,40:49.0,19:40:49,card,ANON-0000-0000-0009,38.7,Hot Chocolate
326,19-04-2024,Friday,Apr,10:36.3,10:10:36,card,ANON-0000-0000-0001,38.7,Latte
327,19-04-2024,Friday,Apr,11:47.8,13:11:48,card,ANON-0000-0000-0040,33.8,Americano with Milk
328,19-04-2024,Friday,Apr,13:20.9,13:13:21,card,ANON-0000-0000-0040,38.7,Cappuccino
329,19-04-2024,Friday,Apr,58:54.1,13:58:54,card,ANON-0000-0000-0124,38.7,Hot Chocolate
330,19-04-2024,Friday,Apr,59:49.7,13:59:50,card,ANON-0000-0000-0124,38.7,Cappuccino
331,19-04-2024,Friday,Apr,23:19.3,18:23:19,card,ANON-0000-0000-0024,38.7,Cocoa
332,19-04-2024,Friday,Apr,25:33.4,18:25:33,card,ANON-0000-0000-0009,33.8,Americano with Milk
333,20-04-2024,Saturday,Apr,24:42.7,11:24:43,cash,,35,Americano with Milk
334,20-04-2024,Saturday,Apr,08:35.7,12:08:36,card,ANON-0000-0000-0125,33.8,Americano with Milk
335,20-04-2024,Saturday,Apr,09:42.7,12:09:43,card,ANON-0000-0000-0125,33.8,Americano with Milk
336,20-04-2024,Saturday,Apr,08:37.4,13:08:37,card,ANON-0000-0000-0118,28.9,Americano
337,20-04-2024,Saturday,Apr,09:47.9,13:09:48,card,ANON-0000-0000-0118,33.8,Americano with Milk
338,20-04-2024,Saturday,Apr,10:55.2,13:10:55,card,ANON-0000-0000-0118,38.7,Hot Chocolate
339,20-04-2024,Saturday,Apr,44:18.1,14:44:18,card,ANON-0000-0000-0040,38.7,Cappuccino
340,20-04-2024,Saturday,Apr,11:00.3,15:11:00,card,ANON-0000-0000-0009,33.8,Americano with Milk
341,20-04-2024,Saturday,Apr,22:40.7,15:22:41,card,ANON-0000-0000-0012,32.82,Americano with Milk
342,20-04-2024,Saturday,Apr,49:25.1,15:49:25,card,ANON-0000-0000-0126,32.82,Americano with Milk
343,20-04-2024,Saturday,Apr,07:58.0,17:07:58,cash,,39,Cocoa
344,20-04-2024,Saturday,Apr,27:41.5,18:27:41,card,ANON-0000-0000-0127,37.72,Cappuccino
345,20-04-2024,Saturday,Apr,28:46.9,18:28:47,card,ANON-0000-0000-0127,37.72,Cappuccino
346,20-04-2024,Saturday,Apr,30:55.3,19:30:55,card,ANON-0000-0000-0128,37.72,Latte
347,21-04-2024,Sunday,Apr,16:45.7,11:16:46,card,ANON-0000-0000-0001,37.72,Latte
348,21-04-2024,Sunday,Apr,15:37.5,14:15:38,card,ANON-0000-0000-0099,27.92,Americano
349,21-04-2024,Sunday,Apr,09:03.2,17:09:03,cash,,39,Cappuccino
350,22-04-2024,Monday,Apr,09:16.4,11:09:16,card,ANON-0000-0000-0012,27.92,Americano
351,22-04-2024,Monday,Apr,29:27.1,11:29:27,card,ANON-0000-0000-0129,32.82,Americano with Milk
352,22-04-2024,Monday,Apr,40:33.0,18:40:33,cash,,39,Latte
353,22-04-2024,Monday,Apr,39:04.8,19:39:05,card,ANON-0000-0000-0009,37.72,Latte
354,22-04-2024,Monday,Apr,02:29.2,20:02:29,cash,,39,Cappuccino
355,23-04-2024,Tuesday,Apr,22:36.0,14:22:36,card,ANON-0000-0000-0025,37.72,Cappuccino
356,23-04-2024,Tuesday,Apr,23:53.1,14:23:53,card,ANON-0000-0000-0024,32.82,Americano with Milk
357,23-04-2024,Tuesday,Apr,24:57.5,14:24:58,card,ANON-0000-0000-0009,37.72,Cappuccino
358,23-04-2024,Tuesday,Apr,42:27.8,19:42:28,card,ANON-0000-0000-0130,32.82,Americano with Milk
359,23-04-2024,Tuesday,Apr,43:26.2,19:43:26,card,ANON-0000-0000-0130,32.82,Americano with Milk
360,24-04-2024,Wednesday,Apr,19:38.3,10:19:38,card,ANON-0000-0000-0001,37.72,Latte
361,24-04-2024,Wednesday,Apr,21:27.3,10:21:27,card,ANON-0000-0000-0131,32.82,Americano with Milk
362,24-04-2024,Wednesday,Apr,23:46.1,11:23:46,card,ANON-0000-0000-0132,32.82,Americano with Milk
363,24-04-2024,Wednesday,Apr,33:26.3,11:33:26,card,ANON-0000-0000-0133,32.82,Americano with Milk
364,24-04-2024,Wednesday,Apr,39:09.3,12:39:09,card,ANON-0000-0000-0059,32.82,Americano with Milk
365,24-04-2024,Wednesday,Apr,39:07.4,16:39:07,card,ANON-0000-0000-0009,32.82,Americano with Milk
366,24-04-2024,Wednesday,Apr,39:50.0,19:39:50,card,ANON-0000-0000-0134,32.82,Americano with Milk
367,24-04-2024,Wednesday,Apr,40:54.0,19:40:54,card,ANON-0000-0000-0134,37.72,Cappuccino
368,25-04-2024,Thursday,Apr,46:08.1,10:46:08,card,ANON-0000-0000-0135,27.92,Americano
369,25-04-2024,Thursday,Apr,18:27.0,15:18:27,card,ANON-0000-0000-0009,37.72,Latte
370,25-04-2024,Thursday,Apr,09:43.5,17:09:44,card,ANON-0000-0000-0012,27.92,Americano
371,25-04-2024,Thursday,Apr,10:49.2,17:10:49,card,ANON-0000-0000-0012,27.92,Americano
372,26-04-2024,Friday,Apr,12:50.6,10:12:51,card,ANON-0000-0000-0001,37.72,Latte
373,26-04-2024,Friday,Apr,01:30.6,12:01:31,card,ANON-0000-0000-0136,37.72,Latte
374,26-04-2024,Friday,Apr,31:28.3,13:31:28,card,ANON-0000-0000-0137,37.72,Cappuccino
375,26-04-2024,Friday,Apr,32:35.4,15:32:35,card,ANON-0000-0000-0012,27.92,Americano
376,26-04-2024,Friday,Apr,33:33.1,15:33:33,card,ANON-0000-0000-0012,27.92,Americano
377,26-04-2024,Friday,Apr,23:26.5,16:23:27,card,ANON-0000-0000-0138,27.92,Cortado
378,26-04-2024,Friday,Apr,24:33.8,16:24:34,card,ANON-0000-0000-0139,27.92,Americano
379,26-04-2024,Friday,Apr,32:07.1,19:32:07,card,ANON-0000-0000-0009,37.72,Hot Chocolate
380,26-04-2024,Friday,Apr,33:30.2,19:33:30,card,ANON-0000-0000-0009,37.72,Cocoa
381,27-04-2024,Saturday,Apr,27:00.7,15:27:01,card,ANON-0000-0000-0009,37.72,Cappuccino
382,28-04-2024,Sunday,Apr,32:52.5,10:32:52,card,ANON-0000-0000-0001,37.72,Latte
383,28-04-2024,Sunday,Apr,30:09.7,12:30:10,card,ANON-0000-0000-0140,37.72,Cappuccino
384,28-04-2024,Sunday,Apr,27:08.2,18:27:08,card,ANON-0000-0000-0012,27.92,Americano
385,28-04-2024,Sunday,Apr,28:11.4,18:28:11,card,ANON-0000-0000-0012,27.92,Americano
386,28-04-2024,Sunday,Apr,29:02.4,18:29:02,card,ANON-0000-0000-0019,37.72,Latte
387,29-04-2024,Monday,Apr,26:31.9,11:26:32,card,ANON-0000-0000-0141,27.92,Cortado
388,29-04-2024,Monday,Apr,27:56.9,13:27:57,card,ANON-0000-0000-0003,27.92,Americano
389,29-04-2024,Monday,Apr,28:53.9,13:28:54,card,ANON-0000-0000-0003,27.92,Cortado
390,29-04-2024,Monday,Apr,53:35.7,13:53:36,card,ANON-0000-0000-0141,27.92,Cortado
391,29-04-2024,Monday,Apr,54:24.4,13:54:24,card,ANON-0000-0000-0141,32.82,Americano with Milk
392,29-04-2024,Monday,Apr,37:48.4,18:37:48,card,ANON-0000-0000-0140,37.72,Cappuccino
393,29-04-2024,Monday,Apr,12:33.2,19:12:33,card,ANON-0000-0000-0134,37.72,Cappuccino
394,29-04-2024,Monday,Apr,13:37.9,19:13:38,card,ANON-0000-0000-0134,37.72,Cappuccino
395,30-04-2024,Tuesday,Apr,16:41.5,10:16:41,card,ANON-0000-0000-0142,37.72,Latte
396,30-04-2024,Tuesday,Apr,34:52.2,10:34:52,card,ANON-0000-0000-0142,32.82,Americano with Milk
397,30-04-2024,Tuesday,Apr,35:47.6,10:35:48,card,ANON-0000-0000-0142,32.82,Americano with Milk
398,30-04-2024,Tuesday,Apr,41:52.3,13:41:52,card,ANON-0000-0000-0142,27.92,Americano
399,30-04-2024,Tuesday,Apr,43:00.0,13:43:00,card,ANON-0000-0000-0142,32.82,Americano with Milk
400,30-04-2024,Tuesday,Apr,19:18.1,19:19:18,card,ANON-0000-0000-0142,37.72,Cappuccino
401,30-04-2024,Tuesday,Apr,30:04.0,19:30:04,card,ANON-0000-0000-0142,32.82,Americano with Milk
402,30-04-2024,Tuesday,Apr,31:21.0,19:31:21,card,ANON-0000-0000-0142,37.72,Latte
403,02-05-2024,Thursday,May,33:55.7,10:33:56,card,ANON-0000-0000-0143,27.92,Americano
404,02-05-2024,Thursday,May,29:57.1,11:29:57,cash,,39,Latte
405,02-05-2024,Thursday,May,49:39.9,13:49:40,card,ANON-0000-0000-0133,32.82,Americano with Milk
406,02-05-2024,Thursday,May,36:22.1,18:36:22,card,ANON-0000-0000-0144,37.72,Cappuccino
407,02-05-2024,Thursday,May,41:11.2,18:41:11,card,ANON-0000-0000-0024,32.82,Americano with Milk
408,02-05-2024,Thursday,May,18:33.1,19:18:33,card,ANON-0000-0000-0145,37.72,Latte
409,02-05-2024,Thursday,May,19:56.4,19:19:56,card,ANON-0000-0000-0145,37.72,Cappuccino
410,03-05-2024,Friday,May,11:53.4,10:11:53,cash,,39,Latte
411,03-05-2024,Friday,May,30:00.9,14:30:01,card,ANON-0000-0000-0146,37.72,Latte
412,03-05-2024,Friday,May,03:24.9,17:03:25,card,ANON-0000-0000-0147,37.72,Latte
413,06-05-2024,Monday,May,05:17.9,10:05:18,card,ANON-0000-0000-0148,27.92,Americano
414,06-05-2024,Monday,May,06:51.6,10:06:52,card,ANON-0000-0000-0149,37.72,Cappuccino
415,06-05-2024,Monday,May,08:05.9,10:08:06,card,ANON-0000-0000-0149,32.82,Americano with Milk
416,06-05-2024,Monday,May,09:08.0,10:09:08,card,ANON-0000-0000-0150,27.92,Americano
417,06-05-2024,Monday,May,39:12.6,10:39:13,card,ANON-0000-0000-0141,27.92,Cortado
418,06-05-2024,Monday,May,34:20.6,11:34:21,cash,,29,Americano
419,06-05-2024,Monday,May,18:11.0,13:18:11,card,ANON-0000-0000-0148,27.92,Cortado
420,06-05-2024,Monday,May,19:00.8,13:19:01,card,ANON-0000-0000-0148,27.92,Americano
421,06-05-2024,Monday,May,18:13.0,19:18:13,card,ANON-0000-0000-0151,37.72,Cappuccino
422,06-05-2024,Monday,May,19:49.5,19:19:50,card,ANON-0000-0000-0151,37.72,Cappuccino
423,07-05-2024,Tuesday,May,44:55.6,10:44:56,card,ANON-0000-0000-0148,37.72,Cocoa
424,07-05-2024,Tuesday,May,21:58.5,11:21:58,card,ANON-0000-0000-0141,27.92,Cortado
425,07-05-2024,Tuesday,May,23:34.9,13:23:35,card,ANON-0000-0000-0077,27.92,Cortado
426,07-05-2024,Tuesday,May,42:07.9,16:42:08,card,ANON-0000-0000-0148,37.72,Cocoa
427,07-05-2024,Tuesday,May,55:38.8,16:55:39,card,ANON-0000-0000-0152,27.92,Americano
428,07-05-2024,Tuesday,May,37:46.4,17:37:46,card,ANON-0000-0000-0153,37.72,Cappuccino
429,07-05-2024,Tuesday,May,38:48.2,17:38:48,card,ANON-0000-0000-0153,37.72,Latte
430,07-05-2024,Tuesday,May,35:37.2,18:35:37,cash,,34,Americano with Milk
431,07-05-2024,Tuesday,May,12:12.5,19:12:13,card,ANON-0000-0000-0154,37.72,Cappuccino
432,07-05-2024,Tuesday,May,13:12.2,19:13:12,card,ANON-0000-0000-0154,37.72,Cappuccino
433,08-05-2024,Wednesday,May,07:28.9,10:07:29,card,ANON-0000-0000-0001,37.72,Latte
434,09-05-2024,Thursday,May,54:21.8,12:54:22,card,ANON-0000-0000-0155,37.72,Cappuccino
435,09-05-2024,Thursday,May,03:58.6,13:03:59,card,ANON-0000-0000-0156,27.92,Americano
436,09-05-2024,Thursday,May,04:57.6,13:04:58,card,ANON-0000-0000-0156,37.72,Latte
437,09-05-2024,Thursday,May,06:11.3,13:06:11,card,ANON-0000-0000-0156,37.72,Latte
438,09-05-2024,Thursday,May,07:16.4,13:07:16,card,ANON-0000-0000-0156,37.72,Latte
439,09-05-2024,Thursday,May,55:14.6,16:55:15,card,ANON-0000-0000-0118,27.92,Americano
440,09-05-2024,Thursday,May,56:15.0,16:56:15,card,ANON-0000-0000-0118,27.92,Americano
441,09-05-2024,Thursday,May,01:29.9,18:01:30,card,ANON-0000-0000-0157,27.92,Americano
442,09-05-2024,Thursday,May,13:56.2,18:13:56,card,ANON-0000-0000-0143,32.82,Americano with Milk
443,10-05-2024,Friday,May,09:22.0,10:09:22,cash,,39,Latte
444,10-05-2024,Friday,May,46:21.5,15:46:22,card,ANON-0000-0000-0158,37.72,Latte
445,10-05-2024,Friday,May,47:32.5,15:47:33,card,ANON-0000-0000-0158,37.72,Latte
446,10-05-2024,Friday,May,20:15.1,16:20:15,cash,,34,Americano with Milk
447,11-05-2024,Saturday,May,39:52.9,11:39:53,card,ANON-0000-0000-0069,37.72,Latte
448,11-05-2024,Saturday,May,02:43.6,17:02:44,cash,,39,Latte
449,11-05-2024,Saturday,May,20:30.4,17:20:30,card,ANON-0000-0000-0009,32.82,Americano with Milk
450,11-05-2024,Saturday,May,21:56.1,17:21:56,card,ANON-0000-0000-0026,37.72,Cocoa
451,11-05-2024,Saturday,May,23:57.3,17:23:57,card,ANON-0000-0000-0040,37.72,Cappuccino
452,11-05-2024,Saturday,May,28:54.1,17:28:54,card,ANON-0000-0000-0012,32.82,Americano with Milk
453,11-05-2024,Saturday,May,35:40.3,18:35:40,card,ANON-0000-0000-0115,37.72,Cappuccino
454,11-05-2024,Saturday,May,38:16.1,19:38:16,card,ANON-0000-0000-0159,37.72,Latte
455,12-05-2024,Sunday,May,20:42.5,10:20:43,card,ANON-0000-0000-0001,37.72,Latte
456,12-05-2024,Sunday,May,24:03.5,13:24:03,card,ANON-0000-0000-0160,37.72,Latte
457,12-05-2024,Sunday,May,27:39.0,13:27:39,card,ANON-0000-0000-0161,27.92,Americano
458,12-05-2024,Sunday,May,16:19.8,15:16:20,card,ANON-0000-0000-0077,37.72,Latte
459,12-05-2024,Sunday,May,38:02.4,15:38:02,card,ANON-0000-0000-0162,32.82,Americano with Milk
460,12-05-2024,Sunday,May,52:14.9,15:52:15,card,ANON-0000-0000-0163,32.82,Americano with Milk
461,12-05-2024,Sunday,May,04:21.1,16:04:21,card,ANON-0000-0000-0012,32.82,Americano with Milk
462,12-05-2024,Sunday,May,41:30.6,19:41:31,card,ANON-0000-0000-0009,32.82,Americano with Milk
463,13-05-2024,Monday,May,03:53.3,11:03:53,card,ANON-0000-0000-0164,32.82,Americano with Milk
464,13-05-2024,Monday,May,31:10.8,15:31:11,cash,,29,Americano
465,13-05-2024,Monday,May,31:50.9,15:31:51,cash,,29,Americano
466,14-05-2024,Tuesday,May,38:14.6,08:38:15,card,ANON-0000-0000-0012,27.92,Americano
467,14-05-2024,Tuesday,May,39:25.5,08:39:25,card,ANON-0000-0000-0012,27.92,Americano
468,14-05-2024,Tuesday,May,40:17.5,08:40:17,card,ANON-0000-0000-0012,27.92,Americano
469,14-05-2024,Tuesday,May,19:23.2,10:19:23,card,ANON-0000-0000-0012,37.72,Cappuccino
470,14-05-2024,Tuesday,May,32:29.4,11:32:29,card,ANON-0000-0000-0165,37.72,Latte
471,14-05-2024,Tuesday,May,34:12.9,11:34:13,card,ANON-0000-0000-0165,37.72,Cappuccino
472,14-05-2024,Tuesday,May,04:54.6,14:04:55,card,ANON-0000-0000-0025,37.72,Cappuccino
473,14-05-2024,Tuesday,May,06:00.4,14:06:00,card,ANON-0000-0000-0009,32.82,Americano with Milk
474,14-05-2024,Tuesday,May,01:54.8,15:01:55,card,ANON-0000-0000-0040,27.92,Americano
475,14-05-2024,Tuesday,May,57:57.2,16:57:57,card,ANON-0000-0000-0166,32.82,Americano with Milk
476,14-05-2024,Tuesday,May,59:10.2,16:59:10,card,ANON-0000-0000-0166,37.72,Cappuccino
477,14-05-2024,Tuesday,May,51:25.2,22:51:25,card,ANON-0000-0000-0167,37.72,Hot Chocolate
478,15-05-2024,Wednesday,May,40:05.7,08:40:06,card,ANON-0000-0000-0168,37.72,Latte
479,15-05-2024,Wednesday,May,14:19.4,11:14:19,card,ANON-0000-0000-0012,23.02,Espresso
480,15-05-2024,Wednesday,May,19:10.0,11:19:10,card,ANON-0000-0000-0012,27.92,Americano
481,15-05-2024,Wednesday,May,34:35.1,13:34:35,card,ANON-0000-0000-0003,27.92,Americano
482,15-05-2024,Wednesday,May,35:29.2,13:35:29,card,ANON-0000-0000-0003,27.92,Americano
483,15-05-2024,Wednesday,May,36:27.3,13:36:27,card,ANON-0000-0000-0003,27.92,Americano
484,15-05-2024,Wednesday,May,55:29.0,13:55:29,card,ANON-0000-0000-0164,32.82,Americano with Milk
485,15-05-2024,Wednesday,May,38:10.8,14:38:11,cash,,29,Americano
486,15-05-2024,Wednesday,May,38:52.3,14:38:52,card,ANON-0000-0000-0169,27.92,Cortado
487,15-05-2024,Wednesday,May,39:44.4,14:39:44,card,ANON-0000-0000-0012,27.92,Cortado
488,15-05-2024,Wednesday,May,28:58.6,17:28:59,card,ANON-0000-0000-0170,23.02,Espresso
489,15-05-2024,Wednesday,May,20:34.8,20:20:35,card,ANON-0000-0000-0171,37.72,Cappuccino
490,16-05-2024,Thursday,May,38:42.5,10:38:42,card,ANON-0000-0000-0097,32.82,Americano with Milk
491,16-05-2024,Thursday,May,39:49.4,10:39:49,card,ANON-0000-0000-0172,32.82,Americano with Milk
492,16-05-2024,Thursday,May,42:50.3,11:42:50,cash,,39,Latte
493,16-05-2024,Thursday,May,44:20.8,11:44:21,cash,,39,Cappuccino
494,16-05-2024,Thursday,May,14:00.1,12:14:00,card,ANON-0000-0000-0173,32.82,Americano with Milk
495,16-05-2024,Thursday,May,15:16.3,15:15:16,card,ANON-0000-0000-0174,37.72,Hot Chocolate
496,16-05-2024,Thursday,May,44:31.5,17:44:32,card,ANON-0000-0000-0069,37.72,Latte
497,16-05-2024,Thursday,May,12:56.9,18:12:57,card,ANON-0000-0000-0175,37.72,Hot Chocolate
498,16-05-2024,Thursday,May,13:58.2,18:13:58,card,ANON-0000-0000-0175,37.72,Latte
499,17-05-2024,Friday,May,00:48.5,09:00:48,card,ANON-0000-0000-0033,27.92,Americano
500,17-05-2024,Friday,May,30:27.6,11:30:28,card,ANON-0000-0000-0164,32.82,Americano with Milk
501,17-05-2024,Friday,May,58:03.1,14:58:03,cash,,34,Americano with Milk
502,17-05-2024,Friday,May,55:18.5,19:55:19,card,ANON-0000-0000-0012,32.82,Americano with Milk
503,17-05-2024,Friday,May,56:46.8,19:56:47,card,ANON-0000-0000-0009,37.72,Cappuccino
504,17-05-2024,Friday,May,37:52.9,20:37:53,card,ANON-0000-0000-0176,37.72,Cappuccino
505,17-05-2024,Friday,May,34:50.8,22:34:51,card,ANON-0000-0000-0177,27.92,Americano
506,17-05-2024,Friday,May,36:33.4,22:36:33,card,ANON-0000-0000-0178,37.72,Latte
507,17-05-2024,Friday,May,37:42.8,22:37:43,card,ANON-0000-0000-0179,37.72,Latte
508,18-05-2024,Saturday,May,01:37.9,08:01:38,card,ANON-0000-0000-0180,37.72,Cappuccino
509,18-05-2024,Saturday,May,02:40.0,08:02:40,card,ANON-0000-0000-0180,37.72,Cappuccino
510,18-05-2024,Saturday,May,15:56.1,11:15:56,card,ANON-0000-0000-0181,32.82,Americano with Milk
511,18-05-2024,Saturday,May,48:29.4,16:48:29,card,ANON-0000-0000-0172,32.82,Americano with Milk
512,18-05-2024,Saturday,May,49:27.1,16:49:27,card,ANON-0000-0000-0097,32.82,Americano with Milk
513,18-05-2024,Saturday,May,58:44.2,19:58:44,card,ANON-0000-0000-0040,32.82,Americano with Milk
514,18-05-2024,Saturday,May,22:53.1,20:22:53,card,ANON-0000-0000-0009,37.72,Latte
515,18-05-2024,Saturday,May,05:27.5,22:05:27,cash,,39,Cappuccino
516,19-05-2024,Sunday,May,58:38.3,07:58:38,card,ANON-0000-0000-0182,27.92,Americano
517,19-05-2024,Sunday,May,59:33.5,07:59:34,card,ANON-0000-0000-0182,27.92,Americano
518,19-05-2024,Sunday,May,00:35.1,08:00:35,card,ANON-0000-0000-0183,37.72,Cappuccino
519,19-05-2024,Sunday,May,28:49.7,09:28:50,cash,,24,Espresso
520,19-05-2024,Sunday,May,14:26.7,12:14:27,card,ANON-0000-0000-0184,32.82,Americano with Milk
521,19-05-2024,Sunday,May,43:40.0,14:43:40,card,ANON-0000-0000-0012,27.92,Americano
522,19-05-2024,Sunday,May,58:58.2,15:58:58,card,ANON-0000-0000-0185,32.82,Americano with Milk
523,19-05-2024,Sunday,May,12:36.3,18:12:36,card,ANON-0000-0000-0186,32.82,Americano with Milk
524,19-05-2024,Sunday,May,13:47.8,18:13:48,card,ANON-0000-0000-0186,23.02,Espresso
525,19-05-2024,Sunday,May,16:30.0,18:16:30,card,ANON-0000-0000-0186,37.72,Hot Chocolate
526,19-05-2024,Sunday,May,51:07.0,19:51:07,card,ANON-0000-0000-0187,37.72,Cappuccino
527,19-05-2024,Sunday,May,15:41.8,21:15:42,card,ANON-0000-0000-0188,37.72,Cappuccino
528,19-05-2024,Sunday,May,18:36.1,21:18:36,card,ANON-0000-0000-0189,37.72,Cappuccino
529,20-05-2024,Monday,May,05:59.2,10:05:59,card,ANON-0000-0000-0190,32.82,Americano with Milk
530,20-05-2024,Monday,May,17:51.9,10:17:52,card,ANON-0000-0000-0191,37.72,Latte
531,20-05-2024,Monday,May,58:48.4,10:58:48,card,ANON-0000-0000-0001,37.72,Latte
532,20-05-2024,Monday,May,15:16.4,11:15:16,card,ANON-0000-0000-0143,27.92,Americano
533,20-05-2024,Monday,May,16:19.6,11:16:20,card,ANON-0000-0000-0143,27.92,Americano
534,20-05-2024,Monday,May,27:13.4,13:27:13,card,ANON-0000-0000-0003,27.92,Americano
535,20-05-2024,Monday,May,28:10.4,13:28:10,card,ANON-0000-0000-0003,27.92,Americano
536,20-05-2024,Monday,May,13:19.0,14:13:19,card,ANON-0000-0000-0192,32.82,Americano with Milk
537,20-05-2024,Monday,May,14:31.4,14:14:31,card,ANON-0000-0000-0192,37.72,Cappuccino
538,20-05-2024,Monday,May,32:21.3,14:32:21,cash,,29,Americano
539,20-05-2024,Monday,May,12:51.1,17:12:51,card,ANON-0000-0000-0120,37.72,Latte
540,20-05-2024,Monday,May,13:56.9,17:13:57,card,ANON-0000-0000-0193,37.72,Latte
541,20-05-2024,Monday,May,36:48.3,20:36:48,card,ANON-0000-0000-0194,32.82,Americano with Milk
542,20-05-2024,Monday,May,37:57.3,20:37:57,card,ANON-0000-0000-0194,37.72,Cocoa
543,20-05-2024,Monday,May,46:52.1,20:46:52,card,ANON-0000-0000-0195,27.92,Cortado
544,20-05-2024,Monday,May,36:54.0,21:36:54,card,ANON-0000-0000-0012,32.82,Americano with Milk
545,20-05-2024,Monday,May,37:57.8,21:37:58,card,ANON-0000-0000-0012,32.82,Americano with Milk
546,21-05-2024,Tuesday,May,27:38.2,08:27:38,card,ANON-0000-0000-0196,37.72,Latte
547,21-05-2024,Tuesday,May,43:50.7,09:43:51,cash,,29,Americano
548,21-05-2024,Tuesday,May,44:40.3,09:44:40,cash,,34,Americano with Milk
549,21-05-2024,Tuesday,May,46:09.4,09:46:09,cash,,39,Cocoa
550,21-05-2024,Tuesday,May,05:08.0,10:05:08,cash,,39,Latte
551,21-05-2024,Tuesday,May,10:20.0,16:10:20,card,ANON-0000-0000-0197,37.72,Latte
552,21-05-2024,Tuesday,May,13:24.0,18:13:24,card,ANON-0000-0000-0012,23.02,Espresso
553,21-05-2024,Tuesday,May,11:09.2,19:11:09,card,ANON-0000-0000-0198,37.72,Cappuccino
554,21-05-2024,Tuesday,May,13:48.4,20:13:48,card,ANON-0000-0000-0199,37.72,Cappuccino
555,22-05-2024,Wednesday,May,34:41.8,09:34:42,card,ANON-0000-0000-0200,37.72,Cappuccino
556,22-05-2024,Wednesday,May,49:47.0,10:49:47,card,ANON-0000-0000-0191,32.82,Americano with Milk
557,22-05-2024,Wednesday,May,18:14.3,11:18:14,card,ANON-0000-0000-0141,27.92,Cortado
558,22-05-2024,Wednesday,May,34:55.0,11:34:55,card,ANON-0000-0000-0097,32.82,Americano with Milk
559,22-05-2024,Wednesday,May,29:50.8,12:29:51,card,ANON-0000-0000-0012,27.92,Americano
560,22-05-2024,Wednesday,May,30:43.3,12:30:43,card,ANON-0000-0000-0012,27.92,Americano
561,22-05-2024,Wednesday,May,00:20.5,14:00:20,card,ANON-0000-0000-0009,32.82,Americano with Milk
562,22-05-2024,Wednesday,May,24:58.1,19:24:58,card,ANON-0000-0000-0134,37.72,Cappuccino
563,22-05-2024,Wednesday,May,25:58.6,19:25:59,card,ANON-0000-0000-0134,37.72,Cappuccino
564,22-05-2024,Wednesday,May,23:53.0,21:23:53,card,ANON-0000-0000-0180,37.72,Hot Chocolate
565,22-05-2024,Wednesday,May,24:49.6,21:24:50,card,ANON-0000-0000-0180,37.72,Cappuccino
566,23-05-2024,Thursday,May,10:19.6,10:10:20,card,ANON-0000-0000-0201,37.72,Cappuccino
567,23-05-2024,Thursday,May,22:06.6,12:22:07,card,ANON-0000-0000-0202,23.02,Espresso
568,23-05-2024,Thursday,May,55:16.6,15:55:17,card,ANON-0000-0000-0180,37.72,Cappuccino
569,23-05-2024,Thursday,May,56:27.2,15:56:27,card,ANON-0000-0000-0203,37.72,Cappuccino
570,23-05-2024,Thursday,May,18:14.1,16:18:14,card,ANON-0000-0000-0180,37.72,Cappuccino
571,23-05-2024,Thursday,May,41:00.0,16:41:00,card,ANON-0000-0000-0077,37.72,Latte
572,23-05-2024,Thursday,May,14:33.2,17:14:33,card,ANON-0000-0000-0153,37.72,Cappuccino
573,23-05-2024,Thursday,May,15:44.9,17:15:45,card,ANON-0000-0000-0153,37.72,Latte
574,23-05-2024,Thursday,May,03:53.9,19:03:54,card,ANON-0000-0000-0204,27.92,Cortado
575,23-05-2024,Thursday,May,17:28.4,19:17:28,card,ANON-0000-0000-0134,37.72,Cappuccino
576,23-05-2024,Thursday,May,18:26.4,19:18:26,card,ANON-0000-0000-0205,37.72,Cappuccino
577,23-05-2024,Thursday,May,42:31.5,19:42:32,card,ANON-0000-0000-0206,37.72,Cappuccino
578,23-05-2024,Thursday,May,15:01.4,20:15:01,card,ANON-0000-0000-0207,37.72,Cappuccino
579,23-05-2024,Thursday,May,16:24.2,20:16:24,card,ANON-0000-0000-0207,37.72,Latte
580,23-05-2024,Thursday,May,48:10.8,22:48:11,card,ANON-0000-0000-0208,32.82,Americano with Milk
581,23-05-2024,Thursday,May,55:36.9,22:55:37,cash,,39,Hot Chocolate
582,24-05-2024,Friday,May,11:59.2,11:11:59,card,ANON-0000-0000-0141,27.92,Cortado
583,24-05-2024,Friday,May,15:08.3,11:15:08,card,ANON-0000-0000-0012,27.92,Americano
584,24-05-2024,Friday,May,16:13.0,11:16:13,card,ANON-0000-0000-0012,27.92,Americano
585,24-05-2024,Friday,May,07:19.8,16:07:20,card,ANON-0000-0000-0081,37.72,Hot Chocolate
586,24-05-2024,Friday,May,17:40.3,18:17:40,card,ANON-0000-0000-0209,27.92,Cortado
587,24-05-2024,Friday,May,18:36.7,18:18:37,card,ANON-0000-0000-0209,27.92,Cortado
588,24-05-2024,Friday,May,30:40.2,22:30:40,card,ANON-0000-0000-0210,32.82,Americano with Milk
589,25-05-2024,Saturday,May,40:58.8,07:40:59,cash,,29,Americano
590,25-05-2024,Saturday,May,13:53.4,12:13:53,card,ANON-0000-0000-0211,37.72,Latte
591,25-05-2024,Saturday,May,40:23.6,12:40:24,cash,,29,Americano
592,25-05-2024,Saturday,May,42:10.3,12:42:10,card,ANON-0000-0000-0212,32.82,Americano with Milk
593,25-05-2024,Saturday,May,43:13.3,12:43:13,card,ANON-0000-0000-0212,32.82,Americano with Milk
594,25-05-2024,Saturday,May,58:12.0,12:58:12,card,ANON-0000-0000-0213,32.82,Americano with Milk
595,25-05-2024,Saturday,May,47:09.6,16:47:10,card,ANON-0000-0000-0040,32.82,Americano with Milk
596,25-05-2024,Saturday,May,48:16.8,16:48:17,card,ANON-0000-0000-0040,27.92,Americano
597,26-05-2024,Sunday,May,20:02.2,10:20:02,card,ANON-0000-0000-0001,37.72,Latte
598,26-05-2024,Sunday,May,24:49.8,14:24:50,card,ANON-0000-0000-0214,32.82,Americano with Milk
599,26-05-2024,Sunday,May,26:05.2,14:26:05,card,ANON-0000-0000-0215,27.92,Cortado
600,26-05-2024,Sunday,May,40:58.9,14:40:59,card,ANON-0000-0000-0216,32.82,Americano with Milk
601,26-05-2024,Sunday,May,19:15.5,17:19:16,card,ANON-0000-0000-0217,37.72,Cappuccino
602,26-05-2024,Sunday,May,09:52.8,18:09:53,card,ANON-0000-0000-0218,37.72,Hot Chocolate
603,26-05-2024,Sunday,May,11:02.2,18:11:02,card,ANON-0000-0000-0218,37.72,Hot Chocolate
604,26-05-2024,Sunday,May,13:14.3,18:13:14,card,ANON-0000-0000-0218,27.92,Americano
605,26-05-2024,Sunday,May,39:18.8,18:39:19,card,ANON-0000-0000-0219,37.72,Latte
606,26-05-2024,Sunday,May,59:15.0,20:59:15,card,ANON-0000-0000-0220,37.72,Hot Chocolate
607,26-05-2024,Sunday,May,00:05.6,21:00:06,card,ANON-0000-0000-0220,37.72,Cappuccino
608,26-05-2024,Sunday,May,02:36.9,21:02:37,card,ANON-0000-0000-0221,27.92,Cortado
609,26-05-2024,Sunday,May,03:51.8,21:03:52,card,ANON-0000-0000-0222,37.72,Cappuccino
610,26-05-2024,Sunday,May,04:58.8,21:04:59,card,ANON-0000-0000-0221,37.72,Latte
611,26-05-2024,Sunday,May,06:02.6,21:06:03,card,ANON-0000-0000-0223,37.72,Cappuccino
612,27-05-2024,Monday,May,34:55.3,11:34:55,card,ANON-0000-0000-0012,27.92,Americano
613,27-05-2024,Monday,May,05:21.7,14:05:22,card,ANON-0000-0000-0224,32.82,Americano with Milk
614,27-05-2024,Monday,May,06:43.6,14:06:44,card,ANON-0000-0000-0224,37.72,Cocoa
615,27-05-2024,Monday,May,11:34.1,15:11:34,card,ANON-0000-0000-0225,27.92,Americano
616,27-05-2024,Monday,May,14:05.8,15:14:06,card,ANON-0000-0000-0225,27.92,Americano
617,27-05-2024,Monday,May,50:55.8,17:50:56,card,ANON-0000-0000-0203,37.72,Latte
618,27-05-2024,Monday,May,00:51.0,18:00:51,card,ANON-0000-0000-0226,27.92,Americano
619,27-05-2024,Monday,May,16:27.4,19:16:27,card,ANON-0000-0000-0227,37.72,Latte
620,27-05-2024,Monday,May,17:38.7,19:17:39,card,ANON-0000-0000-0228,37.72,Latte
621,27-05-2024,Monday,May,29:07.1,21:29:07,card,ANON-0000-0000-0192,32.82,Americano with Milk
622,27-05-2024,Monday,May,30:19.8,21:30:20,card,ANON-0000-0000-0206,37.72,Cappuccino
623,28-05-2024,Tuesday,May,37:09.0,08:37:09,card,ANON-0000-0000-0012,32.82,Americano with Milk
624,28-05-2024,Tuesday,May,20:10.7,09:20:11,card,ANON-0000-0000-0097,32.82,Americano with Milk
625,28-05-2024,Tuesday,May,48:18.5,11:48:18,card,ANON-0000-0000-0229,37.72,Cappuccino
626,28-05-2024,Tuesday,May,14:40.4,13:14:40,card,ANON-0000-0000-0230,37.72,Cappuccino
627,28-05-2024,Tuesday,May,10:53.7,14:10:54,card,ANON-0000-0000-0194,37.72,Cocoa
628,28-05-2024,Tuesday,May,25:39.3,16:25:39,card,ANON-0000-0000-0141,27.92,Cortado
629,28-05-2024,Tuesday,May,21:44.0,17:21:44,cash,,39,Cappuccino
630,28-05-2024,Tuesday,May,09:29.1,19:09:29,card,ANON-0000-0000-0231,27.92,Americano
631,28-05-2024,Tuesday,May,10:31.1,19:10:31,card,ANON-0000-0000-0231,37.72,Latte
632,28-05-2024,Tuesday,May,24:32.2,20:24:32,card,ANON-0000-0000-0009,32.82,Americano with Milk
633,28-05-2024,Tuesday,May,50:19.4,20:50:19,card,ANON-0000-0000-0012,27.92,Americano
634,29-05-2024,Wednesday,May,14:43.7,09:14:44,card,ANON-0000-0000-0232,37.72,Latte
635,29-05-2024,Wednesday,May,48:46.8,10:48:47,cash,,39,Latte
636,29-05-2024,Wednesday,May,14:02.9,11:14:03,card,ANON-0000-0000-0233,37.72,Hot Chocolate
637,29-05-2024,Wednesday,May,10:48.5,15:10:49,card,ANON-0000-0000-0234,27.92,Americano
638,29-05-2024,Wednesday,May,22:56.3,15:22:56,card,ANON-0000-0000-0235,37.72,Latte
639,29-05-2024,Wednesday,May,45:12.7,15:45:13,card,ANON-0000-0000-0236,37.72,Cappuccino
640,29-05-2024,Wednesday,May,45:03.9,16:45:04,card,ANON-0000-0000-0237,37.72,Latte
641,29-05-2024,Wednesday,May,24:03.3,18:24:03,card,ANON-0000-0000-0238,27.92,Cortado
642,29-05-2024,Wednesday,May,24:59.3,18:24:59,card,ANON-0000-0000-0238,37.72,Latte
643,29-05-2024,Wednesday,May,30:42.2,20:30:42,card,ANON-0000-0000-0239,37.72,Hot Chocolate
644,29-05-2024,Wednesday,May,32:35.2,20:32:35,card,ANON-0000-0000-0240,37.72,Cocoa
645,30-05-2024,Thursday,May,29:06.3,08:29:06,card,ANON-0000-0000-0241,37.72,Cappuccino
646,30-05-2024,Thursday,May,30:21.6,08:30:22,card,ANON-0000-0000-0241,37.72,Latte
647,30-05-2024,Thursday,May,37:05.4,08:37:05,card,ANON-0000-0000-0242,32.82,Americano with Milk
648,30-05-2024,Thursday,May,47:59.1,09:47:59,card,ANON-0000-0000-0001,37.72,Latte
649,30-05-2024,Thursday,May,56:15.5,14:56:15,card,ANON-0000-0000-0097,32.82,Americano with Milk
650,30-05-2024,Thursday,May,16:15.7,15:16:16,card,ANON-0000-0000-0243,23.02,Espresso
651,30-05-2024,Thursday,May,17:38.7,15:17:39,card,ANON-0000-0000-0012,23.02,Espresso
652,30-05-2024,Thursday,May,53:11.2,19:53:11,card,ANON-0000-0000-0206,37.72,Cappuccino
653,30-05-2024,Thursday,May,31:05.4,20:31:05,card,ANON-0000-0000-0244,37.72,Latte
654,30-05-2024,Thursday,May,46:13.8,20:46:14,card,ANON-0000-0000-0009,37.72,Hot Chocolate
655,30-05-2024,Thursday,May,47:21.6,20:47:22,card,ANON-0000-0000-0009,32.82,Americano with Milk
656,31-05-2024,Friday,May,53:57.3,07:53:57,card,ANON-0000-0000-0245,32.82,Americano with Milk
657,31-05-2024,Friday,May,21:07.8,09:21:08,card,ANON-0000-0000-0246,37.72,Latte
658,31-05-2024,Friday,May,23:58.8,09:23:59,cash,,39,Latte
659,31-05-2024,Friday,May,38:07.9,10:38:08,card,ANON-0000-0000-0247,37.72,Hot Chocolate
660,31-05-2024,Friday,May,39:06.1,10:39:06,card,ANON-0000-0000-0248,37.72,Cocoa
661,31-05-2024,Friday,May,50:13.0,14:50:13,card,ANON-0000-0000-0249,32.82,Americano with Milk
662,31-05-2024,Friday,May,23:44.6,18:23:45,card,ANON-0000-0000-0250,37.72,Latte
663,31-05-2024,Friday,May,25:03.3,18:25:03,card,ANON-0000-0000-0250,37.72,Latte
664,31-05-2024,Friday,May,06:39.2,20:06:39,card,ANON-0000-0000-0180,37.72,Cappuccino
665,31-05-2024,Friday,May,33:06.4,20:33:06,card,ANON-0000-0000-0134,32.82,Americano with Milk
666,31-05-2024,Friday,May,34:32.9,20:34:33,card,ANON-0000-0000-0134,37.72,Latte
667,31-05-2024,Friday,May,05:47.1,22:05:47,card,ANON-0000-0000-0206,37.72,Cappuccino
668,31-05-2024,Friday,May,06:52.5,22:06:52,card,ANON-0000-0000-0206,32.82,Americano with Milk
669,31-05-2024,Friday,May,07:55.4,22:07:55,card,ANON-0000-0000-0206,27.92,Cortado
670,01-06-2024,Saturday,Jun,27:01.7,08:27:02,card,ANON-0000-0000-0141,27.92,Cortado
671,01-06-2024,Saturday,Jun,48:24.7,09:48:25,card,ANON-0000-0000-0232,37.72,Latte
672,01-06-2024,Saturday,Jun,38:09.4,11:38:09,card,ANON-0000-0000-0250,37.72,Latte
673,01-06-2024,Saturday,Jun,28:53.7,14:28:54,card,ANON-0000-0000-0097,32.82,Americano with Milk
674,01-06-2024,Saturday,Jun,20:12.8,18:20:13,card,ANON-0000-0000-0251,32.82,Americano with Milk
675,01-06-2024,Saturday,Jun,21:15.4,18:21:15,card,ANON-0000-0000-0251,32.82,Americano with Milk
676,01-06-2024,Saturday,Jun,50:10.5,20:50:10,card,ANON-0000-0000-0154,37.72,Cappuccino
677,01-06-2024,Saturday,Jun,51:13.6,20:51:14,card,ANON-0000-0000-0154,37.72,Cappuccino
678,01-06-2024,Saturday,Jun,54:59.3,20:54:59,cash,,39,Cocoa
679,01-06-2024,Saturday,Jun,59:09.7,20:59:10,card,ANON-0000-0000-0252,37.72,Cocoa
680,01-06-2024,Saturday,Jun,51:05.0,21:51:05,card,ANON-0000-0000-0009,32.82,Americano with Milk
681,02-06-2024,Sunday,Jun,03:25.8,20:03:26,card,ANON-0000-0000-0009,37.72,Latte
682,02-06-2024,Sunday,Jun,24:02.4,20:24:02,card,ANON-0000-0000-0040,32.82,Americano with Milk
683,02-06-2024,Sunday,Jun,25:07.2,20:25:07,card,ANON-0000-0000-0040,37.72,Cappuccino
684,02-06-2024,Sunday,Jun,07:20.5,21:07:21,card,ANON-0000-0000-0097,32.82,Americano with Milk
685,02-06-2024,Sunday,Jun,30:12.4,21:30:12,card,ANON-0000-0000-0253,37.72,Latte
686,02-06-2024,Sunday,Jun,43:10.6,22:43:11,cash,,34,Americano with Milk
687,03-06-2024,Monday,Jun,12:04.1,10:12:04,card,ANON-0000-0000-0001,37.72,Latte
688,03-06-2024,Monday,Jun,27:49.8,10:27:50,card,ANON-0000-0000-0191,37.72,Latte
689,03-06-2024,Monday,Jun,31:42.3,14:31:42,card,ANON-0000-0000-0025,37.72,Cappuccino
690,03-06-2024,Monday,Jun,33:01.0,14:33:01,card,ANON-0000-0000-0024,32.82,Americano with Milk
691,03-06-2024,Monday,Jun,34:06.9,14:34:07,card,ANON-0000-0000-0009,37.72,Latte
692,03-06-2024,Monday,Jun,42:51.7,21:42:52,cash,,34,Americano with Milk
693,03-06-2024,Monday,Jun,43:37.5,21:43:37,cash,,34,Americano with Milk
694,04-06-2024,Tuesday,Jun,23:42.9,09:23:43,card,ANON-0000-0000-0141,27.92,Cortado
695,04-06-2024,Tuesday,Jun,27:14.0,10:27:14,card,ANON-0000-0000-0097,32.82,Americano with Milk
696,04-06-2024,Tuesday,Jun,02:10.2,12:02:10,card,ANON-0000-0000-0254,37.72,Latte
697,04-06-2024,Tuesday,Jun,05:29.2,12:05:29,card,ANON-0000-0000-0254,37.72,Hot Chocolate
698,04-06-2024,Tuesday,Jun,30:32.5,15:30:32,card,ANON-0000-0000-0255,37.72,Latte
699,04-06-2024,Tuesday,Jun,46:36.7,17:46:37,card,ANON-0000-0000-0192,27.92,Cortado
700,04-06-2024,Tuesday,Jun,47:28.8,17:47:29,card,ANON-0000-0000-0192,37.72,Cappuccino
701,04-06-2024,Tuesday,Jun,13:01.2,20:13:01,card,ANON-0000-0000-0256,37.72,Hot Chocolate
702,04-06-2024,Tuesday,Jun,50:33.9,20:50:34,card,ANON-0000-0000-0257,37.72,Cappuccino
703,04-06-2024,Tuesday,Jun,31:58.9,21:31:59,card,ANON-0000-0000-0258,27.92,Cortado
704,04-06-2024,Tuesday,Jun,33:02.6,21:33:03,card,ANON-0000-0000-0259,32.82,Americano with Milk
705,04-06-2024,Tuesday,Jun,34:55.7,21:34:56,card,ANON-0000-0000-0260,32.82,Americano with Milk
706,04-06-2024,Tuesday,Jun,36:06.9,21:36:07,card,ANON-0000-0000-0260,32.82,Americano with Milk
707,04-06-2024,Tuesday,Jun,37:15.2,21:37:15,card,ANON-0000-0000-0260,32.82,Americano with Milk
708,05-06-2024,Wednesday,Jun,21:49.0,08:21:49,card,ANON-0000-0000-0261,37.72,Cappuccino
709,05-06-2024,Wednesday,Jun,23:06.7,08:23:07,card,ANON-0000-0000-0261,37.72,Cappuccino
710,05-06-2024,Wednesday,Jun,22:43.1,09:22:43,card,ANON-0000-0000-0262,27.92,Americano
711,05-06-2024,Wednesday,Jun,28:50.6,10:28:51,card,ANON-0000-0000-0001,37.72,Latte
712,05-06-2024,Wednesday,Jun,40:53.2,10:40:53,card,ANON-0000-0000-0097,32.82,Americano with Milk
713,05-06-2024,Wednesday,Jun,43:57.7,19:43:58,card,ANON-0000-0000-0263,32.82,Americano with Milk
714,05-06-2024,Wednesday,Jun,59:53.5,19:59:54,card,ANON-0000-0000-0264,37.72,Latte
715,05-06-2024,Wednesday,Jun,10:47.6,20:10:48,card,ANON-0000-0000-0220,37.72,Cocoa
716,05-06-2024,Wednesday,Jun,12:01.7,20:12:02,card,ANON-0000-0000-0220,27.92,Cortado
717,06-06-2024,Thursday,Jun,52:56.4,08:52:56,card,ANON-0000-0000-0097,32.82,Americano with Milk
718,06-06-2024,Thursday,Jun,54:08.5,08:54:08,card,ANON-0000-0000-0097,32.82,Americano with Milk
719,06-06-2024,Thursday,Jun,36:09.7,10:36:10,card,ANON-0000-0000-0001,37.72,Latte
720,06-06-2024,Thursday,Jun,17:41.5,12:17:41,card,ANON-0000-0000-0265,27.92,Americano
721,06-06-2024,Thursday,Jun,11:14.2,15:11:14,card,ANON-0000-0000-0224,32.82,Americano with Milk
722,06-06-2024,Thursday,Jun,24:06.2,15:24:06,card,ANON-0000-0000-0266,37.72,Cappuccino
723,06-06-2024,Thursday,Jun,14:05.1,21:14:05,card,ANON-0000-0000-0267,37.72,Latte
724,06-06-2024,Thursday,Jun,15:42.2,21:15:42,card,ANON-0000-0000-0267,37.72,Latte
725,06-06-2024,Thursday,Jun,18:26.7,21:18:27,card,ANON-0000-0000-0206,37.72,Cappuccino
726,06-06-2024,Thursday,Jun,19:30.4,21:19:30,card,ANON-0000-0000-0206,32.82,Americano with Milk
727,06-06-2024,Thursday,Jun,21:04.4,21:21:04,card,ANON-0000-0000-0267,37.72,Latte
728,07-06-2024,Friday,Jun,18:04.3,08:18:04,card,ANON-0000-0000-0268,37.72,Cappuccino
729,07-06-2024,Friday,Jun,35:28.1,10:35:28,card,ANON-0000-0000-0269,23.02,Espresso
730,07-06-2024,Friday,Jun,34:18.3,13:34:18,card,ANON-0000-0000-0164,32.82,Americano with Milk
731,07-06-2024,Friday,Jun,45:42.2,16:45:42,card,ANON-0000-0000-0270,27.92,Cortado
732,07-06-2024,Friday,Jun,47:15.5,16:47:15,card,ANON-0000-0000-0270,27.92,Cortado
733,08-06-2024,Saturday,Jun,04:20.0,09:04:20,card,ANON-0000-0000-0271,27.92,Cortado
734,08-06-2024,Saturday,Jun,26:11.2,09:26:11,card,ANON-0000-0000-0097,32.82,Americano with Milk
735,08-06-2024,Saturday,Jun,24:54.3,20:24:54,card,ANON-0000-0000-0134,37.72,Cappuccino
736,08-06-2024,Saturday,Jun,25:56.3,20:25:56,card,ANON-0000-0000-0134,37.72,Cappuccino
737,09-06-2024,Sunday,Jun,15:52.8,08:15:53,card,ANON-0000-0000-0097,37.72,Latte
738,09-06-2024,Sunday,Jun,30:04.5,10:30:04,card,ANON-0000-0000-0272,37.72,Latte
739,09-06-2024,Sunday,Jun,52:05.8,10:52:06,card,ANON-0000-0000-0273,37.72,Cappuccino
740,09-06-2024,Sunday,Jun,04:41.3,11:04:41,card,ANON-0000-0000-0141,27.92,Cortado
741,09-06-2024,Sunday,Jun,07:08.1,11:07:08,card,ANON-0000-0000-0274,23.02,Espresso
742,09-06-2024,Sunday,Jun,52:49.6,11:52:50,card,ANON-0000-0000-0275,37.72,Cappuccino
743,09-06-2024,Sunday,Jun,11:23.6,12:11:24,card,ANON-0000-0000-0276,32.82,Americano with Milk
744,09-06-2024,Sunday,Jun,13:08.1,12:13:08,card,ANON-0000-0000-0276,37.72,Latte
745,09-06-2024,Sunday,Jun,14:10.8,12:14:11,card,ANON-0000-0000-0276,37.72,Latte
746,09-06-2024,Sunday,Jun,10:30.7,15:10:31,card,ANON-0000-0000-0277,27.92,Cortado
747,09-06-2024,Sunday,Jun,17:28.2,16:17:28,card,ANON-0000-0000-0278,37.72,Cappuccino
748,09-06-2024,Sunday,Jun,21:19.3,19:21:19,card,ANON-0000-0000-0279,32.82,Americano with Milk
749,09-06-2024,Sunday,Jun,05:08.8,21:05:09,card,ANON-0000-0000-0280,27.92,Americano
750,10-06-2024,Monday,Jun,47:49.9,12:47:50,card,ANON-0000-0000-0281,37.72,Cappuccino
751,10-06-2024,Monday,Jun,56:48.3,12:56:48,card,ANON-0000-0000-0097,37.72,Latte
752,10-06-2024,Monday,Jun,04:28.1,19:04:28,card,ANON-0000-0000-0282,37.72,Hot Chocolate
753,10-06-2024,Monday,Jun,05:22.8,19:05:23,card,ANON-0000-0000-0282,37.72,Hot Chocolate
754,10-06-2024,Monday,Jun,37:23.6,19:37:24,card,ANON-0000-0000-0283,37.72,Latte
755,10-06-2024,Monday,Jun,38:19.7,19:38:20,card,ANON-0000-0000-0283,37.72,Latte
756,11-06-2024,Tuesday,Jun,38:04.0,10:38:04,card,ANON-0000-0000-0284,32.82,Americano with Milk
757,11-06-2024,Tuesday,Jun,48:25.3,18:48:25,card,ANON-0000-0000-0285,37.72,Latte
758,11-06-2024,Tuesday,Jun,49:36.4,18:49:36,card,ANON-0000-0000-0285,37.72,Latte
759,11-06-2024,Tuesday,Jun,17:03.3,21:17:03,card,ANON-0000-0000-0286,37.72,Hot Chocolate
760,11-06-2024,Tuesday,Jun,27:41.9,21:27:42,card,ANON-0000-0000-0287,32.82,Americano with Milk
761,11-06-2024,Tuesday,Jun,28:50.2,21:28:50,card,ANON-0000-0000-0287,32.82,Americano with Milk
762,12-06-2024,Wednesday,Jun,18:18.8,10:18:19,card,ANON-0000-0000-0288,37.72,Hot Chocolate
763,12-06-2024,Wednesday,Jun,51:43.9,11:51:44,card,ANON-0000-0000-0289,37.72,Cappuccino
764,12-06-2024,Wednesday,Jun,41:17.2,17:41:17,card,ANON-0000-0000-0283,37.72,Latte
765,12-06-2024,Wednesday,Jun,47:27.9,17:47:28,card,ANON-0000-0000-0290,37.72,Latte
766,12-06-2024,Wednesday,Jun,16:33.6,20:16:34,card,ANON-0000-0000-0256,37.72,Hot Chocolate
767,12-06-2024,Wednesday,Jun,25:34.2,20:25:34,card,ANON-0000-0000-0291,32.82,Americano with Milk
768,13-06-2024,Thursday,Jun,54:24.2,08:54:24,card,ANON-0000-0000-0292,27.92,Americano
769,13-06-2024,Thursday,Jun,57:25.6,08:57:26,card,ANON-0000-0000-0097,37.72,Latte
770,13-06-2024,Thursday,Jun,50:25.0,09:50:25,card,ANON-0000-0000-0293,32.82,Americano with Milk
771,13-06-2024,Thursday,Jun,57:11.5,09:57:12,card,ANON-0000-0000-0141,27.92,Cortado
772,13-06-2024,Thursday,Jun,04:58.6,17:04:59,card,ANON-0000-0000-0294,32.82,Americano with Milk
773,13-06-2024,Thursday,Jun,27:46.6,17:27:47,card,ANON-0000-0000-0295,37.72,Hot Chocolate
774,13-06-2024,Thursday,Jun,22:19.1,19:22:19,card,ANON-0000-0000-0296,37.72,Latte
775,13-06-2024,Thursday,Jun,20:51.8,20:20:52,card,ANON-0000-0000-0012,32.82,Americano with Milk
776,13-06-2024,Thursday,Jun,43:46.0,20:43:46,card,ANON-0000-0000-0012,23.02,Espresso
777,13-06-2024,Thursday,Jun,45:00.6,20:45:01,card,ANON-0000-0000-0295,23.02,Espresso
778,13-06-2024,Thursday,Jun,48:17.9,20:48:18,card,ANON-0000-0000-0009,32.82,Americano with Milk
779,13-06-2024,Thursday,Jun,02:28.4,21:02:28,card,ANON-0000-0000-0009,32.82,Americano with Milk
780,14-06-2024,Friday,Jun,46:13.2,07:46:13,card,ANON-0000-0000-0141,27.92,Cortado
781,14-06-2024,Friday,Jun,30:31.6,10:30:32,card,ANON-0000-0000-0297,27.92,Americano
782,14-06-2024,Friday,Jun,14:41.7,12:14:42,card,ANON-0000-0000-0097,37.72,Latte
783,14-06-2024,Friday,Jun,29:53.4,18:29:53,card,ANON-0000-0000-0298,32.82,Americano with Milk
784,15-06-2024,Saturday,Jun,26:02.0,11:26:02,card,ANON-0000-0000-0299,37.72,Cappuccino
785,15-06-2024,Saturday,Jun,21:28.1,12:21:28,card,ANON-0000-0000-0300,37.72,Latte
786,15-06-2024,Saturday,Jun,22:46.9,12:22:47,card,ANON-0000-0000-0300,32.82,Americano with Milk
787,15-06-2024,Saturday,Jun,23:52.2,12:23:52,card,ANON-0000-0000-0300,23.02,Espresso
788,15-06-2024,Saturday,Jun,24:35.1,12:24:35,card,ANON-0000-0000-0300,37.72,Cocoa
789,15-06-2024,Saturday,Jun,25:24.0,12:25:24,card,ANON-0000-0000-0300,32.82,Americano with Milk
790,15-06-2024,Saturday,Jun,03:29.9,16:03:30,card,ANON-0000-0000-0301,32.82,Americano with Milk
791,15-06-2024,Saturday,Jun,14:04.6,18:14:05,card,ANON-0000-0000-0302,27.92,Americano
792,16-06-2024,Sunday,Jun,43:51.5,10:43:51,card,ANON-0000-0000-0059,32.82,Americano with Milk
793,16-06-2024,Sunday,Jun,58:41.4,10:58:41,card,ANON-0000-0000-0303,37.72,Latte
794,16-06-2024,Sunday,Jun,00:38.2,11:00:38,card,ANON-0000-0000-0303,37.72,Hot Chocolate
795,16-06-2024,Sunday,Jun,01:41.5,11:01:41,card,ANON-0000-0000-0303,37.72,Hot Chocolate
796,16-06-2024,Sunday,Jun,49:27.6,12:49:28,card,ANON-0000-0000-0276,32.82,Americano with Milk
797,16-06-2024,Sunday,Jun,00:39.0,14:00:39,card,ANON-0000-0000-0274,23.02,Espresso
798,16-06-2024,Sunday,Jun,02:36.3,15:02:36,card,ANON-0000-0000-0304,32.82,Americano with Milk
799,16-06-2024,Sunday,Jun,05:10.4,15:05:10,card,ANON-0000-0000-0304,32.82,Americano with Milk
800,16-06-2024,Sunday,Jun,43:59.6,15:44:00,card,ANON-0000-0000-0305,37.72,Hot Chocolate
801,16-06-2024,Sunday,Jun,47:36.5,16:47:37,card,ANON-0000-0000-0306,37.72,Hot Chocolate
802,16-06-2024,Sunday,Jun,45:17.3,17:45:17,card,ANON-0000-0000-0059,32.82,Americano with Milk
803,16-06-2024,Sunday,Jun,46:16.6,17:46:17,card,ANON-0000-0000-0059,32.82,Americano with Milk
804,17-06-2024,Monday,Jun,57:24.0,08:57:24,card,ANON-0000-0000-0307,27.92,Americano
805,17-06-2024,Monday,Jun,12:05.1,10:12:05,card,ANON-0000-0000-0308,27.92,Cortado
806,17-06-2024,Monday,Jun,13:37.6,10:13:38,card,ANON-0000-0000-0308,27.92,Cortado
807,17-06-2024,Monday,Jun,55:51.6,10:55:52,card,ANON-0000-0000-0042,37.72,Cappuccino
808,17-06-2024,Monday,Jun,51:35.4,14:51:35,card,ANON-0000-0000-0164,37.72,Cappuccino
809,17-06-2024,Monday,Jun,50:13.4,16:50:13,card,ANON-0000-0000-0012,37.72,Cappuccino
810,17-06-2024,Monday,Jun,51:11.0,16:51:11,card,ANON-0000-0000-0012,37.72,Cappuccino
811,17-06-2024,Monday,Jun,52:36.3,16:52:36,card,ANON-0000-0000-0012,27.92,Americano
812,17-06-2024,Monday,Jun,51:19.6,18:51:20,card,ANON-0000-0000-0309,27.92,Americano
813,17-06-2024,Monday,Jun,16:11.5,21:16:11,card,ANON-0000-0000-0009,32.82,Americano with Milk
814,18-06-2024,Tuesday,Jun,04:06.1,14:04:06,card,ANON-0000-0000-0299,27.92,Americano
815,18-06-2024,Tuesday,Jun,05:12.3,14:05:12,card,ANON-0000-0000-0299,37.72,Cappuccino
816,18-06-2024,Tuesday,Jun,20:40.6,19:20:41,card,ANON-0000-0000-0154,37.72,Cappuccino
817,18-06-2024,Tuesday,Jun,21:38.9,19:21:39,card,ANON-0000-0000-0154,37.72,Cappuccino
818,18-06-2024,Tuesday,Jun,35:49.5,20:35:49,card,ANON-0000-0000-0310,27.92,Cortado
819,18-06-2024,Tuesday,Jun,20:49.5,21:20:50,card,ANON-0000-0000-0012,32.82,Americano with Milk
820,18-06-2024,Tuesday,Jun,22:18.5,21:22:19,card,ANON-0000-0000-0012,32.82,Americano with Milk
821,19-06-2024,Wednesday,Jun,47:19.8,07:47:20,card,ANON-0000-0000-0311,37.72,Latte
822,19-06-2024,Wednesday,Jun,17:54.5,08:17:55,card,ANON-0000-0000-0141,27.92,Cortado
823,19-06-2024,Wednesday,Jun,54:00.5,10:54:00,card,ANON-0000-0000-0312,27.92,Americano
824,19-06-2024,Wednesday,Jun,11:27.8,11:11:28,card,ANON-0000-0000-0313,37.72,Latte
825,19-06-2024,Wednesday,Jun,12:31.4,11:12:31,card,ANON-0000-0000-0313,37.72,Cocoa
826,19-06-2024,Wednesday,Jun,21:36.3,14:21:36,card,ANON-0000-0000-0164,32.82,Americano with Milk
827,19-06-2024,Wednesday,Jun,28:43.4,18:28:43,card,ANON-0000-0000-0153,37.72,Cappuccino
828,19-06-2024,Wednesday,Jun,29:59.0,18:29:59,card,ANON-0000-0000-0153,37.72,Latte
829,19-06-2024,Wednesday,Jun,31:31.3,19:31:31,card,ANON-0000-0000-0009,32.82,Americano with Milk
830,19-06-2024,Wednesday,Jun,28:59.5,21:28:59,card,ANON-0000-0000-0192,37.72,Cappuccino
831,19-06-2024,Wednesday,Jun,30:03.5,21:30:03,card,ANON-0000-0000-0192,32.82,Americano with Milk
832,20-06-2024,Thursday,Jun,50:06.5,10:50:06,card,ANON-0000-0000-0097,37.72,Latte
833,20-06-2024,Thursday,Jun,59:02.1,18:59:02,card,ANON-0000-0000-0314,37.72,Latte
834,20-06-2024,Thursday,Jun,00:00.2,19:00:00,card,ANON-0000-0000-0314,37.72,Latte
835,20-06-2024,Thursday,Jun,39:10.0,21:39:10,card,ANON-0000-0000-0257,37.72,Latte
836,20-06-2024,Thursday,Jun,57:40.6,21:57:41,card,ANON-0000-0000-0009,37.72,Latte
837,20-06-2024,Thursday,Jun,59:17.6,21:59:18,card,ANON-0000-0000-0009,32.82,Americano with Milk
838,21-06-2024,Friday,Jun,59:55.9,09:59:56,card,ANON-0000-0000-0311,37.72,Latte
839,21-06-2024,Friday,Jun,01:40.2,10:01:40,card,ANON-0000-0000-0315,27.92,Americano
840,21-06-2024,Friday,Jun,19:19.4,13:19:19,card,ANON-0000-0000-0012,32.82,Americano with Milk
841,21-06-2024,Friday,Jun,20:31.5,13:20:32,card,ANON-0000-0000-0012,32.82,Americano with Milk
842,21-06-2024,Friday,Jun,12:16.1,18:12:16,card,ANON-0000-0000-0316,23.02,Espresso
843,21-06-2024,Friday,Jun,30:26.7,19:30:27,card,ANON-0000-0000-0009,37.72,Latte
844,21-06-2024,Friday,Jun,47:06.2,19:47:06,card,ANON-0000-0000-0154,37.72,Cappuccino
845,21-06-2024,Friday,Jun,48:06.7,19:48:07,card,ANON-0000-0000-0154,37.72,Cappuccino
846,21-06-2024,Friday,Jun,49:54.5,19:49:55,card,ANON-0000-0000-0180,37.72,Cappuccino
847,21-06-2024,Friday,Jun,51:00.2,19:51:00,card,ANON-0000-0000-0180,37.72,Cappuccino
848,21-06-2024,Friday,Jun,52:18.8,19:52:19,card,ANON-0000-0000-0180,27.92,Americano
849,21-06-2024,Friday,Jun,55:37.1,19:55:37,card,ANON-0000-0000-0311,32.82,Americano with Milk
850,22-06-2024,Saturday,Jun,39:50.3,08:39:50,card,ANON-0000-0000-0141,27.92,Cortado
851,22-06-2024,Saturday,Jun,37:48.8,09:37:49,card,ANON-0000-0000-0311,32.82,Americano with Milk
852,22-06-2024,Saturday,Jun,53:15.5,12:53:16,card,ANON-0000-0000-0317,32.82,Americano with Milk
853,22-06-2024,Saturday,Jun,37:20.1,15:37:20,card,ANON-0000-0000-0009,37.72,Latte
854,22-06-2024,Saturday,Jun,10:23.0,22:10:23,card,ANON-0000-0000-0318,37.72,Cappuccino
855,23-06-2024,Sunday,Jun,12:01.4,18:12:01,card,ANON-0000-0000-0012,32.82,Americano with Milk
856,23-06-2024,Sunday,Jun,13:50.6,18:13:51,card,ANON-0000-0000-0012,32.82,Americano with Milk
857,23-06-2024,Sunday,Jun,06:47.0,21:06:47,card,ANON-0000-0000-0319,37.72,Cappuccino
858,23-06-2024,Sunday,Jun,29:07.8,21:29:08,card,ANON-0000-0000-0320,37.72,Latte
859,23-06-2024,Sunday,Jun,30:36.4,21:30:36,card,ANON-0000-0000-0320,37.72,Cappuccino
860,24-06-2024,Monday,Jun,44:39.9,11:44:40,card,ANON-0000-0000-0164,32.82,Americano with Milk
861,24-06-2024,Monday,Jun,49:36.0,11:49:36,card,ANON-0000-0000-0180,37.72,Cappuccino
862,24-06-2024,Monday,Jun,50:44.1,11:50:44,card,ANON-0000-0000-0180,37.72,Cappuccino
863,24-06-2024,Monday,Jun,02:29.0,15:02:29,card,ANON-0000-0000-0321,37.72,Latte
864,24-06-2024,Monday,Jun,46:00.6,16:46:01,card,ANON-0000-0000-0203,37.72,Cappuccino
865,24-06-2024,Monday,Jun,47:00.4,16:47:00,card,ANON-0000-0000-0203,37.72,Cappuccino
866,25-06-2024,Tuesday,Jun,19:24.2,08:19:24,card,ANON-0000-0000-0322,37.72,Latte
867,25-06-2024,Tuesday,Jun,28:26.4,10:28:26,card,ANON-0000-0000-0012,32.82,Americano with Milk
868,25-06-2024,Tuesday,Jun,29:42.4,10:29:42,card,ANON-0000-0000-0040,32.82,Americano with Milk
869,25-06-2024,Tuesday,Jun,34:52.3,11:34:52,card,ANON-0000-0000-0203,37.72,Cappuccino
870,26-06-2024,Wednesday,Jun,33:01.7,09:33:02,card,ANON-0000-0000-0323,37.72,Latte
871,26-06-2024,Wednesday,Jun,32:29.5,16:32:29,card,ANON-0000-0000-0324,23.02,Espresso
872,26-06-2024,Wednesday,Jun,34:01.6,16:34:02,card,ANON-0000-0000-0325,27.92,Americano
873,26-06-2024,Wednesday,Jun,21:53.3,21:21:53,card,ANON-0000-0000-0009,37.72,Latte
874,26-06-2024,Wednesday,Jun,27:00.8,21:27:01,card,ANON-0000-0000-0009,37.72,Cappuccino
875,26-06-2024,Wednesday,Jun,28:14.6,21:28:15,card,ANON-0000-0000-0206,32.82,Americano with Milk
876,27-06-2024,Thursday,Jun,15:43.2,09:15:43,card,ANON-0000-0000-0326,32.82,Americano with Milk
877,27-06-2024,Thursday,Jun,11:48.0,16:11:48,card,ANON-0000-0000-0327,27.92,Cortado
878,27-06-2024,Thursday,Jun,44:03.4,21:44:03,card,ANON-0000-0000-0328,32.82,Americano with Milk
879,27-06-2024,Thursday,Jun,50:31.6,21:50:32,card,ANON-0000-0000-0329,37.72,Cappuccino
880,28-06-2024,Friday,Jun,08:35.0,08:08:35,card,ANON-0000-0000-0141,27.92,Cortado
881,28-06-2024,Friday,Jun,51:54.0,17:51:54,card,ANON-0000-0000-0274,23.02,Espresso
882,28-06-2024,Friday,Jun,50:55.4,21:50:55,card,ANON-0000-0000-0330,32.82,Americano with Milk
883,28-06-2024,Friday,Jun,52:01.9,21:52:02,card,ANON-0000-0000-0331,37.72,Latte
884,28-06-2024,Friday,Jun,28:20.0,22:28:20,card,ANON-0000-0000-0332,37.72,Cappuccino
885,29-06-2024,Saturday,Jun,47:10.3,09:47:10,card,ANON-0000-0000-0097,32.82,Americano with Milk
886,29-06-2024,Saturday,Jun,40:19.6,11:40:20,card,ANON-0000-0000-0333,32.82,Americano with Milk
887,29-06-2024,Saturday,Jun,41:26.6,11:41:27,card,ANON-0000-0000-0333,32.82,Americano with Milk
888,29-06-2024,Saturday,Jun,30:24.4,12:30:24,card,ANON-0000-0000-0334,37.72,Cappuccino
889,29-06-2024,Saturday,Jun,31:42.6,12:31:43,card,ANON-0000-0000-0334,37.72,Cappuccino
890,29-06-2024,Saturday,Jun,23:43.6,17:23:44,card,ANON-0000-0000-0335,37.72,Cappuccino
891,29-06-2024,Saturday,Jun,24:52.4,17:24:52,card,ANON-0000-0000-0335,37.72,Hot Chocolate
892,29-06-2024,Saturday,Jun,27:22.4,21:27:22,card,ANON-0000-0000-0009,37.72,Latte
893,30-06-2024,Sunday,Jun,28:09.8,10:28:10,card,ANON-0000-0000-0336,37.72,Latte
894,30-06-2024,Sunday,Jun,05:50.6,13:05:51,card,ANON-0000-0000-0337,23.02,Espresso
895,30-06-2024,Sunday,Jun,54:41.7,16:54:42,card,ANON-0000-0000-0009,37.72,Hot Chocolate
896,30-06-2024,Sunday,Jun,04:09.7,21:04:10,card,ANON-0000-0000-0097,32.82,Americano with Milk
897,01-07-2024,Monday,Jul,07:26.8,18:07:27,card,ANON-0000-0000-0012,23.02,Espresso
898,01-07-2024,Monday,Jul,56:51.8,18:56:52,card,ANON-0000-0000-0338,37.72,Cappuccino
899,01-07-2024,Monday,Jul,57:54.3,18:57:54,card,ANON-0000-0000-0339,37.72,Cappuccino
900,02-07-2024,Tuesday,Jul,42:54.1,10:42:54,card,ANON-0000-0000-0304,32.82,Americano with Milk
901,02-07-2024,Tuesday,Jul,45:00.6,10:45:01,card,ANON-0000-0000-0304,27.92,Americano
902,02-07-2024,Tuesday,Jul,48:05.2,12:48:05,card,ANON-0000-0000-0019,37.72,Latte
903,02-07-2024,Tuesday,Jul,03:13.2,14:03:13,card,ANON-0000-0000-0340,27.92,Americano
904,02-07-2024,Tuesday,Jul,31:24.3,16:31:24,card,ANON-0000-0000-0341,32.82,Americano with Milk
905,02-07-2024,Tuesday,Jul,02:23.6,22:02:24,card,ANON-0000-0000-0329,32.82,Americano with Milk
906,03-07-2024,Wednesday,Jul,51:14.9,13:51:15,card,ANON-0000-0000-0012,32.82,Americano with Milk
907,03-07-2024,Wednesday,Jul,01:16.6,16:01:17,card,ANON-0000-0000-0342,37.72,Cappuccino
908,03-07-2024,Wednesday,Jul,50:25.2,16:50:25,card,ANON-0000-0000-0343,37.72,Cappuccino
909,03-07-2024,Wednesday,Jul,53:15.6,16:53:16,card,ANON-0000-0000-0270,32.82,Americano with Milk
910,03-07-2024,Wednesday,Jul,54:22.9,16:54:23,card,ANON-0000-0000-0344,32.82,Americano with Milk
911,03-07-2024,Wednesday,Jul,55:31.4,16:55:31,card,ANON-0000-0000-0270,37.72,Latte
912,03-07-2024,Wednesday,Jul,59:25.6,16:59:26,card,ANON-0000-0000-0345,23.02,Espresso
913,03-07-2024,Wednesday,Jul,59:01.8,17:59:02,card,ANON-0000-0000-0346,37.72,Cappuccino
914,03-07-2024,Wednesday,Jul,06:09.1,19:06:09,card,ANON-0000-0000-0009,37.72,Latte
915,04-07-2024,Thursday,Jul,26:23.7,10:26:24,card,ANON-0000-0000-0143,32.82,Americano with Milk
916,04-07-2024,Thursday,Jul,27:30.3,10:27:30,card,ANON-0000-0000-0012,27.92,Americano
917,05-07-2024,Friday,Jul,20:28.7,12:20:29,card,ANON-0000-0000-0058,37.72,Cocoa
918,05-07-2024,Friday,Jul,43:43.1,13:43:43,card,ANON-0000-0000-0040,32.82,Americano with Milk
919,05-07-2024,Friday,Jul,44:43.8,13:44:44,card,ANON-0000-0000-0347,32.82,Americano with Milk
920,05-07-2024,Friday,Jul,55:56.3,18:55:56,card,ANON-0000-0000-0348,23.02,Espresso
921,05-07-2024,Friday,Jul,55:07.8,19:55:08,card,ANON-0000-0000-0099,27.92,Americano
922,05-07-2024,Friday,Jul,11:56.5,22:11:56,card,ANON-0000-0000-0349,23.02,Espresso
923,05-07-2024,Friday,Jul,18:03.3,22:18:03,card,ANON-0000-0000-0350,27.92,Americano
924,05-07-2024,Friday,Jul,18:56.9,22:18:57,card,ANON-0000-0000-0350,27.92,Americano
925,05-07-2024,Friday,Jul,20:01.1,22:20:01,card,ANON-0000-0000-0351,37.72,Cappuccino
926,05-07-2024,Friday,Jul,21:09.5,22:21:09,card,ANON-0000-0000-0351,32.82,Americano with Milk
927,06-07-2024,Saturday,Jul,28:06.8,10:28:07,card,ANON-0000-0000-0352,37.72,Latte
928,06-07-2024,Saturday,Jul,15:46.0,17:15:46,card,ANON-0000-0000-0009,32.82,Latte
929,06-07-2024,Saturday,Jul,17:01.0,17:17:01,card,ANON-0000-0000-0009,32.82,Latte
930,06-07-2024,Saturday,Jul,09:46.1,19:09:46,card,ANON-0000-0000-0012,32.82,Latte
931,06-07-2024,Saturday,Jul,10:39.6,19:10:40,card,ANON-0000-0000-0012,27.92,Americano with Milk
932,07-07-2024,Sunday,Jul,04:20.2,09:04:20,card,ANON-0000-0000-0303,32.82,Cappuccino
933,07-07-2024,Sunday,Jul,14:29.2,09:14:29,card,ANON-0000-0000-0353,27.92,Americano with Milk
934,07-07-2024,Sunday,Jul,15:36.8,09:15:37,card,ANON-0000-0000-0353,27.92,Americano with Milk
935,07-07-2024,Sunday,Jul,28:48.9,09:28:49,card,ANON-0000-0000-0354,32.82,Cappuccino
936,07-07-2024,Sunday,Jul,29:56.2,09:29:56,card,ANON-0000-0000-0354,32.82,Cappuccino
937,07-07-2024,Sunday,Jul,56:30.2,14:56:30,card,ANON-0000-0000-0355,32.82,Hot Chocolate
938,07-07-2024,Sunday,Jul,57:47.4,14:57:47,card,ANON-0000-0000-0355,32.82,Cocoa
939,07-07-2024,Sunday,Jul,07:50.3,17:07:50,card,ANON-0000-0000-0356,32.82,Latte
940,07-07-2024,Sunday,Jul,33:27.2,19:33:27,card,ANON-0000-0000-0357,32.82,Cappuccino
941,07-07-2024,Sunday,Jul,01:31.7,20:01:32,card,ANON-0000-0000-0358,32.82,Hot Chocolate
942,07-07-2024,Sunday,Jul,33:36.3,22:33:36,card,ANON-0000-0000-0359,27.92,Americano with Milk
943,08-07-2024,Monday,Jul,33:07.7,07:33:08,card,ANON-0000-0000-0360,32.82,Latte
944,08-07-2024,Monday,Jul,02:50.4,12:02:50,card,ANON-0000-0000-0361,23.02,Americano
945,08-07-2024,Monday,Jul,40:24.3,14:40:24,card,ANON-0000-0000-0362,23.02,Americano
946,08-07-2024,Monday,Jul,30:35.0,19:30:35,card,ANON-0000-0000-0363,27.92,Americano with Milk
947,08-07-2024,Monday,Jul,14:46.2,22:14:46,card,ANON-0000-0000-0019,32.82,Latte
948,09-07-2024,Tuesday,Jul,26:52.1,10:26:52,card,ANON-0000-0000-0333,27.92,Americano with Milk
949,09-07-2024,Tuesday,Jul,40:28.8,10:40:29,card,ANON-0000-0000-0276,27.92,Americano with Milk
950,09-07-2024,Tuesday,Jul,21:36.1,11:21:36,card,ANON-0000-0000-0194,27.92,Americano with Milk
951,09-07-2024,Tuesday,Jul,22:49.9,11:22:50,card,ANON-0000-0000-0194,32.82,Cappuccino
952,09-07-2024,Tuesday,Jul,42:59.5,16:43:00,card,ANON-0000-0000-0364,27.92,Americano with Milk
953,10-07-2024,Wednesday,Jul,10:41.7,11:10:42,card,ANON-0000-0000-0365,23.02,Americano
954,10-07-2024,Wednesday,Jul,28:53.7,12:28:54,card,ANON-0000-0000-0366,27.92,Americano with Milk
955,10-07-2024,Wednesday,Jul,13:10.0,22:13:10,card,ANON-0000-0000-0328,32.82,Latte
956,11-07-2024,Thursday,Jul,27:27.6,11:27:28,card,ANON-0000-0000-0367,32.82,Hot Chocolate
957,11-07-2024,Thursday,Jul,48:18.7,16:48:19,card,ANON-0000-0000-0368,27.92,Americano with Milk
958,11-07-2024,Thursday,Jul,22:13.6,22:22:14,card,ANON-0000-0000-0369,32.82,Latte
959,11-07-2024,Thursday,Jul,30:58.5,22:30:59,card,ANON-0000-0000-0370,23.02,Americano
960,12-07-2024,Friday,Jul,03:17.5,08:03:17,card,ANON-0000-0000-0371,23.02,Cortado
961,12-07-2024,Friday,Jul,48:33.4,11:48:33,card,ANON-0000-0000-0372,32.82,Hot Chocolate
962,12-07-2024,Friday,Jul,33:25.6,22:33:26,card,ANON-0000-0000-0178,32.82,Hot Chocolate
963,12-07-2024,Friday,Jul,34:14.3,22:34:14,card,ANON-0000-0000-0177,32.82,Hot Chocolate
964,12-07-2024,Friday,Jul,35:29.5,22:35:30,card,ANON-0000-0000-0179,32.82,Hot Chocolate
965,13-07-2024,Saturday,Jul,38:10.3,10:38:10,card,ANON-0000-0000-0365,32.82,Latte
966,13-07-2024,Saturday,Jul,41:38.1,11:41:38,card,ANON-0000-0000-0365,32.82,Latte
967,14-07-2024,Sunday,Jul,54:24.3,10:54:24,card,ANON-0000-0000-0373,23.02,Americano
968,14-07-2024,Sunday,Jul,55:30.5,10:55:31,card,ANON-0000-0000-0373,27.92,Americano with Milk
969,14-07-2024,Sunday,Jul,56:30.3,10:56:30,card,ANON-0000-0000-0373,32.82,Cappuccino
970,14-07-2024,Sunday,Jul,57:54.1,10:57:54,card,ANON-0000-0000-0374,32.82,Latte
971,14-07-2024,Sunday,Jul,02:11.8,11:02:12,card,ANON-0000-0000-0375,23.02,Americano
972,14-07-2024,Sunday,Jul,31:30.0,22:31:30,card,ANON-0000-0000-0376,32.82,Latte
973,15-07-2024,Monday,Jul,33:05.6,07:33:06,card,ANON-0000-0000-0377,32.82,Cappuccino
974,16-07-2024,Tuesday,Jul,23:37.5,12:23:37,card,ANON-0000-0000-0378,27.92,Americano with Milk
975,16-07-2024,Tuesday,Jul,29:25.5,19:29:25,card,ANON-0000-0000-0367,32.82,Hot Chocolate
976,17-07-2024,Wednesday,Jul,04:59.7,13:05:00,card,ANON-0000-0000-0379,27.92,Americano with Milk
977,18-07-2024,Thursday,Jul,10:13.4,11:10:13,card,ANON-0000-0000-0380,27.92,Americano with Milk
978,18-07-2024,Thursday,Jul,11:23.4,11:11:23,card,ANON-0000-0000-0381,18.12,Espresso
979,18-07-2024,Thursday,Jul,32:59.6,11:33:00,card,ANON-0000-0000-0059,23.02,Americano
980,18-07-2024,Thursday,Jul,34:48.4,11:34:48,card,ANON-0000-0000-0059,23.02,Americano
981,18-07-2024,Thursday,Jul,35:51.5,11:35:52,card,ANON-0000-0000-0059,23.02,Cortado
982,18-07-2024,Thursday,Jul,23:33.8,13:23:34,card,ANON-0000-0000-0375,32.82,Latte
983,18-07-2024,Thursday,Jul,18:23.4,18:18:23,card,ANON-0000-0000-0382,32.82,Cappuccino
984,18-07-2024,Thursday,Jul,30:50.6,19:30:51,card,ANON-0000-0000-0009,32.82,Latte
985,18-07-2024,Thursday,Jul,19:41.8,21:19:42,card,ANON-0000-0000-0383,32.82,Hot Chocolate
986,18-07-2024,Thursday,Jul,21:59.9,21:22:00,card,ANON-0000-0000-0383,32.82,Latte
987,18-07-2024,Thursday,Jul,46:18.7,21:46:19,card,ANON-0000-0000-0384,32.82,Latte
988,19-07-2024,Friday,Jul,03:02.3,11:03:02,card,ANON-0000-0000-0375,23.02,Americano
989,19-07-2024,Friday,Jul,16:20.5,11:16:21,card,ANON-0000-0000-0385,27.92,Americano with Milk
990,19-07-2024,Friday,Jul,58:37.6,12:58:38,card,ANON-0000-0000-0386,32.82,Latte
991,19-07-2024,Friday,Jul,59:55.4,12:59:55,card,ANON-0000-0000-0386,27.92,Americano with Milk
992,19-07-2024,Friday,Jul,09:20.7,14:09:21,card,ANON-0000-0000-0384,32.82,Latte
993,19-07-2024,Friday,Jul,11:22.1,14:11:22,card,ANON-0000-0000-0384,32.82,Cocoa
994,19-07-2024,Friday,Jul,36:19.3,16:36:19,card,ANON-0000-0000-0384,32.82,Latte
995,19-07-2024,Friday,Jul,37:35.8,16:37:36,card,ANON-0000-0000-0384,32.82,Latte
996,20-07-2024,Saturday,Jul,05:44.5,08:05:44,card,ANON-0000-0000-0387,23.02,Americano
997,20-07-2024,Saturday,Jul,06:48.7,08:06:49,card,ANON-0000-0000-0387,32.82,Latte
998,20-07-2024,Saturday,Jul,07:51.4,08:07:51,card,ANON-0000-0000-0387,23.02,Americano
999,20-07-2024,Saturday,Jul,00:53.6,09:00:54,card,ANON-0000-0000-0388,32.82,Latte
1000,20-07-2024,Saturday,Jul,02:27.8,09:02:28,card,ANON-0000-0000-0389,32.82,Latte
1001,20-07-2024,Saturday,Jul,39:21.0,10:39:21,card,ANON-0000-0000-0390,23.02,Americano
1002,20-07-2024,Saturday,Jul,15:09.2,15:15:09,card,ANON-0000-0000-0391,32.82,Latte
1003,21-07-2024,Sunday,Jul,30:55.8,10:30:56,card,ANON-0000-0000-0367,32.82,Cocoa
1004,21-07-2024,Sunday,Jul,39:28.8,11:39:29,card,ANON-0000-0000-0392,32.82,Cappuccino
1005,21-07-2024,Sunday,Jul,34:30.8,13:34:31,card,ANON-0000-0000-0393,23.02,Cortado
1006,21-07-2024,Sunday,Jul,42:31.4,13:42:31,card,ANON-0000-0000-0394,32.82,Latte
1007,22-07-2024,Monday,Jul,13:23.1,08:13:23,card,ANON-0000-0000-0375,23.02,Americano
1008,22-07-2024,Monday,Jul,40:49.6,08:40:50,card,ANON-0000-0000-0395,23.02,Americano
1009,22-07-2024,Monday,Jul,15:37.3,10:15:37,card,ANON-0000-0000-0385,27.92,Americano with Milk
1010,22-07-2024,Monday,Jul,44:37.6,16:44:38,card,ANON-0000-0000-0396,32.82,Latte
1011,23-07-2024,Tuesday,Jul,12:56.2,08:12:56,card,ANON-0000-0000-0197,32.82,Latte
1012,23-07-2024,Tuesday,Jul,40:19.0,08:40:19,card,ANON-0000-0000-0395,23.02,Americano
1013,23-07-2024,Tuesday,Jul,44:53.8,08:44:54,card,ANON-0000-0000-0397,27.92,Americano with Milk
1014,23-07-2024,Tuesday,Jul,49:25.1,08:49:25,card,ANON-0000-0000-0398,32.82,Cocoa
1015,23-07-2024,Tuesday,Jul,51:10.4,08:51:10,card,ANON-0000-0000-0399,32.82,Latte
1016,23-07-2024,Tuesday,Jul,01:45.7,09:01:46,card,ANON-0000-0000-0375,23.02,Americano
1017,23-07-2024,Tuesday,Jul,03:36.5,10:03:36,card,ANON-0000-0000-0400,27.92,Americano with Milk
1018,23-07-2024,Tuesday,Jul,20:05.0,15:20:05,card,ANON-0000-0000-0401,27.92,Americano with Milk
1019,23-07-2024,Tuesday,Jul,21:01.3,15:21:01,card,ANON-0000-0000-0401,32.82,Latte
1020,23-07-2024,Tuesday,Jul,01:40.6,21:01:41,card,ANON-0000-0000-0009,32.82,Latte
1021,23-07-2024,Tuesday,Jul,23:13.5,21:23:14,card,ANON-0000-0000-0012,23.02,Americano
1022,23-07-2024,Tuesday,Jul,24:22.6,21:24:23,card,ANON-0000-0000-0012,23.02,Americano
1023,24-07-2024,Wednesday,Jul,16:09.8,09:16:10,card,ANON-0000-0000-0097,27.92,Americano with Milk
1024,24-07-2024,Wednesday,Jul,38:55.0,09:38:55,card,ANON-0000-0000-0385,27.92,Americano with Milk
1025,24-07-2024,Wednesday,Jul,54:37.5,09:54:37,card,ANON-0000-0000-0402,18.12,Espresso
1026,24-07-2024,Wednesday,Jul,43:53.1,11:43:53,card,ANON-0000-0000-0379,32.82,Cappuccino
1027,24-07-2024,Wednesday,Jul,55:13.8,13:55:14,card,ANON-0000-0000-0399,32.82,Latte
1028,24-07-2024,Wednesday,Jul,45:49.8,14:45:50,card,ANON-0000-0000-0012,18.12,Espresso
1029,24-07-2024,Wednesday,Jul,18:30.5,15:18:31,card,ANON-0000-0000-0009,32.82,Latte
1030,24-07-2024,Wednesday,Jul,15:05.7,19:15:06,card,ANON-0000-0000-0205,32.82,Cappuccino
1031,24-07-2024,Wednesday,Jul,16:59.8,19:17:00,card,ANON-0000-0000-0205,32.82,Cappuccino
1032,24-07-2024,Wednesday,Jul,17:36.8,21:17:37,card,ANON-0000-0000-0040,27.92,Americano with Milk
1033,24-07-2024,Wednesday,Jul,18:41.3,21:18:41,card,ANON-0000-0000-0040,23.02,Americano
1034,24-07-2024,Wednesday,Jul,25:17.5,21:25:17,card,ANON-0000-0000-0012,23.02,Americano
1035,25-07-2024,Thursday,Jul,54:47.9,07:54:48,card,ANON-0000-0000-0012,23.02,Americano
1036,25-07-2024,Thursday,Jul,49:18.4,08:49:18,card,ANON-0000-0000-0399,32.82,Latte
1037,25-07-2024,Thursday,Jul,29:44.6,10:29:45,card,ANON-0000-0000-0385,27.92,Americano with Milk
1038,25-07-2024,Thursday,Jul,26:04.7,11:26:05,card,ANON-0000-0000-0375,23.02,Americano
1039,25-07-2024,Thursday,Jul,25:06.5,15:25:07,card,ANON-0000-0000-0403,32.82,Cappuccino
1040,25-07-2024,Thursday,Jul,21:00.8,19:21:01,card,ANON-0000-0000-0257,32.82,Cappuccino
1041,25-07-2024,Thursday,Jul,06:01.3,21:06:01,card,ANON-0000-0000-0404,23.02,Cortado
1042,25-07-2024,Thursday,Jul,06:50.0,21:06:50,card,ANON-0000-0000-0404,18.12,Espresso
1043,25-07-2024,Thursday,Jul,38:51.3,22:38:51,card,ANON-0000-0000-0328,23.02,Cortado
1044,25-07-2024,Thursday,Jul,39:46.8,22:39:47,card,ANON-0000-0000-0405,32.82,Cocoa
1045,26-07-2024,Friday,Jul,33:01.3,08:33:01,card,ANON-0000-0000-0406,32.82,Latte
1046,26-07-2024,Friday,Jul,19:37.4,09:19:37,card,ANON-0000-0000-0097,27.92,Americano with Milk
1047,26-07-2024,Friday,Jul,20:34.3,09:20:34,card,ANON-0000-0000-0059,18.12,Espresso
1048,26-07-2024,Friday,Jul,33:11.5,09:33:12,card,ANON-0000-0000-0407,23.02,Cortado
1049,26-07-2024,Friday,Jul,34:16.6,09:34:17,card,ANON-0000-0000-0407,23.02,Cortado
1050,26-07-2024,Friday,Jul,59:07.9,09:59:08,card,ANON-0000-0000-0408,32.82,Latte
1051,26-07-2024,Friday,Jul,00:02.7,10:00:03,card,ANON-0000-0000-0408,32.82,Latte
1052,26-07-2024,Friday,Jul,47:13.9,11:47:14,card,ANON-0000-0000-0385,27.92,Americano with Milk
1053,26-07-2024,Friday,Jul,07:01.7,12:07:02,card,ANON-0000-0000-0379,27.92,Americano with Milk
1054,26-07-2024,Friday,Jul,28:08.0,12:28:08,card,ANON-0000-0000-0339,32.82,Cappuccino
1055,26-07-2024,Friday,Jul,29:17.7,12:29:18,card,ANON-0000-0000-0339,32.82,Cappuccino
1056,26-07-2024,Friday,Jul,09:56.1,13:09:56,card,ANON-0000-0000-0409,32.82,Latte
1057,26-07-2024,Friday,Jul,23:29.3,17:23:29,card,ANON-0000-0000-0410,23.02,Americano
1058,26-07-2024,Friday,Jul,58:29.2,17:58:29,card,ANON-0000-0000-0411,32.82,Cappuccino
1059,26-07-2024,Friday,Jul,15:09.6,21:15:10,card,ANON-0000-0000-0009,32.82,Latte
1060,26-07-2024,Friday,Jul,49:52.3,22:49:52,card,ANON-0000-0000-0412,27.92,Americano with Milk
1061,27-07-2024,Saturday,Jul,09:16.5,09:09:16,card,ANON-0000-0000-0097,32.82,Cappuccino
1062,27-07-2024,Saturday,Jul,55:31.4,11:55:31,card,ANON-0000-0000-0413,27.92,Americano with Milk
1063,27-07-2024,Saturday,Jul,25:10.1,12:25:10,card,ANON-0000-0000-0059,27.92,Americano with Milk
1064,27-07-2024,Saturday,Jul,26:13.2,12:26:13,card,ANON-0000-0000-0040,18.12,Espresso
1065,27-07-2024,Saturday,Jul,33:23.1,12:33:23,card,ANON-0000-0000-0059,27.92,Americano with Milk
1066,27-07-2024,Saturday,Jul,28:41.9,14:28:42,card,ANON-0000-0000-0225,18.12,Espresso
1067,27-07-2024,Saturday,Jul,51:53.2,14:51:53,card,ANON-0000-0000-0077,32.82,Latte
1068,27-07-2024,Saturday,Jul,02:33.4,17:02:33,card,ANON-0000-0000-0414,32.82,Cappuccino
1069,27-07-2024,Saturday,Jul,03:39.1,17:03:39,card,ANON-0000-0000-0415,32.82,Cappuccino
1070,27-07-2024,Saturday,Jul,09:00.4,17:09:00,card,ANON-0000-0000-0416,27.92,Americano with Milk
1071,27-07-2024,Saturday,Jul,10:08.1,17:10:08,card,ANON-0000-0000-0416,27.92,Americano with Milk
1072,27-07-2024,Saturday,Jul,55:20.2,20:55:20,card,ANON-0000-0000-0009,32.82,Latte
1073,27-07-2024,Saturday,Jul,56:23.9,22:56:24,card,ANON-0000-0000-0417,32.82,Cappuccino
1074,28-07-2024,Sunday,Jul,07:25.9,11:07:26,card,ANON-0000-0000-0012,18.12,Espresso
1075,28-07-2024,Sunday,Jul,17:54.2,14:17:54,card,ANON-0000-0000-0276,27.92,Americano with Milk
1076,28-07-2024,Sunday,Jul,18:52.2,14:18:52,card,ANON-0000-0000-0276,32.82,Latte
1077,29-07-2024,Monday,Jul,12:06.4,08:12:06,card,ANON-0000-0000-0418,32.82,Latte
1078,29-07-2024,Monday,Jul,04:48.0,09:04:48,card,ANON-0000-0000-0012,23.02,Americano
1079,29-07-2024,Monday,Jul,15:46.2,09:15:46,card,ANON-0000-0000-0097,27.92,Americano with Milk
1080,29-07-2024,Monday,Jul,19:44.1,09:19:44,card,ANON-0000-0000-0003,23.02,Americano
1081,29-07-2024,Monday,Jul,51:24.7,09:51:25,card,ANON-0000-0000-0419,27.92,Americano with Milk
1082,29-07-2024,Monday,Jul,58:29.6,09:58:30,card,ANON-0000-0000-0420,32.82,Cappuccino
1083,29-07-2024,Monday,Jul,43:44.0,10:43:44,card,ANON-0000-0000-0421,32.82,Hot Chocolate
1084,29-07-2024,Monday,Jul,44:55.8,10:44:56,card,ANON-0000-0000-0421,32.82,Hot Chocolate
1085,29-07-2024,Monday,Jul,06:31.1,19:06:31,card,ANON-0000-0000-0422,32.82,Cappuccino
1086,29-07-2024,Monday,Jul,30:16.3,19:30:16,card,ANON-0000-0000-0099,23.02,Americano
1087,29-07-2024,Monday,Jul,57:34.4,21:57:34,card,ANON-0000-0000-0328,32.82,Cocoa
1088,30-07-2024,Tuesday,Jul,41:10.9,07:41:11,card,ANON-0000-0000-0423,27.92,Americano with Milk
1089,30-07-2024,Tuesday,Jul,05:07.2,08:05:07,card,ANON-0000-0000-0424,23.02,Cortado
1090,30-07-2024,Tuesday,Jul,20:51.1,08:20:51,card,ANON-0000-0000-0425,32.82,Cappuccino
1091,30-07-2024,Tuesday,Jul,13:43.2,09:13:43,card,ANON-0000-0000-0097,27.92,Americano with Milk
1092,30-07-2024,Tuesday,Jul,17:11.1,10:17:11,card,ANON-0000-0000-0141,23.02,Cortado
1093,30-07-2024,Tuesday,Jul,19:34.2,10:19:34,card,ANON-0000-0000-0276,27.92,Americano with Milk
1094,30-07-2024,Tuesday,Jul,23:20.1,10:23:20,card,ANON-0000-0000-0250,32.82,Latte
1095,30-07-2024,Tuesday,Jul,12:07.4,11:12:07,card,ANON-0000-0000-0426,23.02,Americano
1096,30-07-2024,Tuesday,Jul,13:16.2,11:13:16,card,ANON-0000-0000-0426,18.12,Espresso
1097,30-07-2024,Tuesday,Jul,14:41.7,11:14:42,card,ANON-0000-0000-0427,27.92,Americano with Milk
1098,30-07-2024,Tuesday,Jul,16:01.6,11:16:02,card,ANON-0000-0000-0428,27.92,Americano with Milk
1099,30-07-2024,Tuesday,Jul,30:34.7,11:30:35,card,ANON-0000-0000-0429,27.92,Americano with Milk
1100,30-07-2024,Tuesday,Jul,31:40.8,11:31:41,card,ANON-0000-0000-0430,27.92,Americano with Milk
1101,30-07-2024,Tuesday,Jul,08:07.5,12:08:08,card,ANON-0000-0000-0431,32.82,Latte
1102,30-07-2024,Tuesday,Jul,16:09.6,15:16:10,card,ANON-0000-0000-0432,27.92,Americano with Milk
1103,30-07-2024,Tuesday,Jul,08:52.9,16:08:53,card,ANON-0000-0000-0433,23.02,Cortado
1104,30-07-2024,Tuesday,Jul,09:43.6,16:09:44,card,ANON-0000-0000-0433,27.92,Americano with Milk
1105,30-07-2024,Tuesday,Jul,24:19.9,20:24:20,card,ANON-0000-0000-0434,18.12,Espresso
1106,30-07-2024,Tuesday,Jul,53:51.9,20:53:52,card,ANON-0000-0000-0097,27.92,Americano with Milk
1107,30-07-2024,Tuesday,Jul,54:46.3,20:54:46,card,ANON-0000-0000-0097,27.92,Americano with Milk
1108,30-07-2024,Tuesday,Jul,57:02.3,20:57:02,card,ANON-0000-0000-0347,27.92,Americano with Milk
1109,30-07-2024,Tuesday,Jul,33:19.2,21:33:19,card,ANON-0000-0000-0435,32.82,Latte
1110,30-07-2024,Tuesday,Jul,15:21.5,22:15:21,card,ANON-0000-0000-0436,23.02,Americano
1111,30-07-2024,Tuesday,Jul,16:19.3,22:16:19,card,ANON-0000-0000-0436,32.82,Cappuccino
1112,31-07-2024,Wednesday,Jul,59:52.1,07:59:52,card,ANON-0000-0000-0423,27.92,Americano with Milk
1113,31-07-2024,Wednesday,Jul,37:41.9,08:37:42,card,ANON-0000-0000-0437,27.92,Americano with Milk
1114,31-07-2024,Wednesday,Jul,38:38.2,08:38:38,card,ANON-0000-0000-0437,27.92,Americano with Milk
1115,31-07-2024,Wednesday,Jul,54:45.3,09:54:45,card,ANON-0000-0000-0388,23.02,Americano
1116,31-07-2024,Wednesday,Jul,55:45.1,09:55:45,card,ANON-0000-0000-0388,23.02,Americano
1117,31-07-2024,Wednesday,Jul,58:15.9,09:58:16,card,ANON-0000-0000-0276,27.92,Americano with Milk
1118,31-07-2024,Wednesday,Jul,11:42.6,13:11:43,card,ANON-0000-0000-0384,32.82,Cocoa
1119,31-07-2024,Wednesday,Jul,14:00.3,13:14:00,card,ANON-0000-0000-0384,32.82,Latte
1120,31-07-2024,Wednesday,Jul,24:49.4,13:24:49,card,ANON-0000-0000-0438,27.92,Americano with Milk
1121,31-07-2024,Wednesday,Jul,48:06.8,17:48:07,card,ANON-0000-0000-0439,23.02,Cortado
1122,31-07-2024,Wednesday,Jul,04:15.0,18:04:15,card,ANON-0000-0000-0440,32.82,Latte
1123,31-07-2024,Wednesday,Jul,22:38.9,19:22:39,card,ANON-0000-0000-0441,23.02,Cortado
1124,31-07-2024,Wednesday,Jul,28:45.1,19:28:45,card,ANON-0000-0000-0009,32.82,Latte
1125,31-07-2024,Wednesday,Jul,46:42.4,20:46:42,card,ANON-0000-0000-0442,32.82,Cocoa
1126,31-07-2024,Wednesday,Jul,50:07.4,20:50:07,card,ANON-0000-0000-0443,23.02,Cortado
1127,31-07-2024,Wednesday,Jul,51:10.4,20:51:10,card,ANON-0000-0000-0443,32.82,Latte
1128,31-07-2024,Wednesday,Jul,52:14.8,20:52:15,card,ANON-0000-0000-0153,32.82,Cappuccino
1129,31-07-2024,Wednesday,Jul,53:35.1,20:53:35,card,ANON-0000-0000-0443,23.02,Cortado
1130,31-07-2024,Wednesday,Jul,59:25.0,20:59:25,card,ANON-0000-0000-0040,27.92,Americano with Milk
1131,31-07-2024,Wednesday,Jul,26:26.0,21:26:26,card,ANON-0000-0000-0444,32.82,Latte
1132,31-07-2024,Wednesday,Jul,54:11.8,21:54:12,card,ANON-0000-0000-0445,32.82,Latte
1133,31-07-2024,Wednesday,Jul,55:16.6,21:55:17,card,ANON-0000-0000-0446,32.82,Latte
